,soc,voltage,current,battery temp,ambient temp,charging duration,degradation rate,charging mode,battery type,charging cycles
0,43.709,3.63,33.554,33.454,26.44,59.0,8.805,Fast,Li-ion,112
1,95.564,3.879,32.228,35.934,31.109,67.0,12.187,Fast,LiFePO4,398
2,75.879,4.111,91.563,25.009,30.203,105.0,13.832,Slow,LiFePO4,175
3,63.879,4.013,32.459,32.497,18.078,54.0,9.319,Fast,LiFePO4,150
4,24.042,4.065,34.475,31.435,17.985,107.0,11.688,Fast,Li-ion,886
5,24.04,3.961,78.346,36.657,20.363,29.0,5.436,Slow,Li-ion,248
6,15.228,3.985,50.477,38.122,22.221,98.0,10.807,Fast,LiFePO4,830
7,87.956,4.094,79.904,20.243,23.169,105.0,14.14,Fast,LiFePO4,221
8,64.1,3.675,15.883,33.48,28.594,38.0,8.061,Slow,Li-ion,310
9,73.727,3.843,53.881,21.037,16.134,63.0,9.991,Slow,Li-ion,379
10,11.853,3.655,13.025,30.977,15.693,37.0,5.187,Normal,Li-ion,637
11,97.292,4.191,15.639,25.753,22.838,91.0,13.707,Fast,LiFePO4,784
12,84.92,4.161,91.579,26.136,28.943,74.0,11.681,Normal,LiFePO4,255
13,29.111,3.528,22.532,27.059,18.869,84.0,9.77,Normal,Li-ion,337
14,26.364,3.994,57.918,32.426,27.83,40.0,6.244,Slow,LiFePO4,475
15,26.506,4.148,46.999,26.681,20.197,41.0,6.091,Fast,LiFePO4,181
16,37.382,3.626,41.261,34.654,32.722,24.0,5.614,Fast,LiFePO4,591
17,57.228,3.898,90.985,28.091,32.914,52.0,8.616,Slow,LiFePO4,455
18,48.875,4.141,11.964,21.367,20.946,76.0,9.843,Normal,LiFePO4,372
19,36.211,3.524,69.741,35.675,19.6,106.0,12.41,Slow,LiFePO4,679
20,65.067,3.988,96.705,25.715,23.226,87.0,11.763,Fast,LiFePO4,143
21,22.554,3.708,60.415,28.655,19.811,64.0,7.855,Slow,Li-ion,672
22,36.293,4.147,94.314,33.709,28.448,115.0,13.109,Fast,Li-ion,222
23,42.973,4.18,14.703,26.649,31.521,92.0,11.141,Normal,Li-ion,448
24,51.046,4.161,47.691,21.132,28.462,113.0,13.027,Fast,Li-ion,807
25,80.666,3.832,33.414,27.478,31.487,73.0,11.47,Normal,Li-ion,429
26,27.971,4.103,75.774,38.889,22.94,46.0,7.167,Normal,Li-ion,508
27,56.281,4.091,98.317,32.835,18.126,25.0,6.563,Fast,Li-ion,422
28,63.317,3.723,33.088,33.43,29.759,93.0,12.555,Fast,Li-ion,210
29,14.181,4.08,68.876,32.646,22.209,32.0,5.019,Normal,Li-ion,869
30,64.679,3.526,27.829,23.98,28.425,50.0,8.623,Slow,LiFePO4,188
31,25.347,3.917,60.88,28.367,20.413,73.0,8.79,Fast,LiFePO4,532
32,15.855,3.661,51.754,35.019,16.625,76.0,8.914,Normal,Li-ion,809
33,95.4,3.584,97.48,22.027,34.852,80.0,12.543,Normal,LiFePO4,893
34,96.907,3.554,64.767,25.557,18.124,37.0,9.175,Slow,LiFePO4,811
35,82.756,3.987,41.456,25.526,34.768,58.0,10.245,Fast,Li-ion,198
36,37.415,3.738,20.269,28.64,34.546,82.0,10.113,Normal,Li-ion,638
37,18.79,4.007,23.612,39.607,30.876,117.0,12.668,Slow,Li-ion,700
38,71.581,3.546,30.279,21.35,28.188,93.0,12.377,Normal,LiFePO4,245
39,49.614,3.721,32.587,30.374,26.556,112.0,13.354,Fast,LiFePO4,793
40,20.983,3.878,86.555,23.587,32.322,96.0,10.247,Slow,Li-ion,356
41,54.566,4.054,60.51,39.414,20.789,79.0,11.297,Normal,LiFePO4,288
42,13.095,3.723,57.105,22.266,24.354,39.0,5.035,Slow,LiFePO4,339
43,91.839,3.938,20.329,28.072,27.388,87.0,13.218,Fast,LiFePO4,970
44,33.29,4.12,87.413,34.758,23.224,82.0,10.264,Slow,Li-ion,998
45,69.627,3.931,75.053,34.091,23.55,80.0,11.873,Fast,LiFePO4,602
46,38.054,3.663,16.09,28.455,21.606,69.0,9.074,Normal,LiFePO4,807
47,56.806,3.517,73.705,26.93,26.285,73.0,10.259,Fast,LiFePO4,908
48,59.204,4.109,58.918,27.952,32.011,53.0,8.811,Normal,LiFePO4,776
49,26.637,3.515,17.355,25.286,19.031,72.0,8.59,Normal,LiFePO4,918
50,97.263,4.112,51.247,24.107,33.689,40.0,9.381,Fast,LiFePO4,370
51,79.762,3.87,53.623,29.661,28.782,101.0,13.848,Normal,LiFePO4,619
52,94.555,4.157,24.92,25.371,31.465,39.0,9.211,Slow,Li-ion,649
53,90.534,4.059,95.113,25.749,26.124,28.0,8.189,Normal,Li-ion,213
54,63.811,4.199,86.498,33.135,30.59,64.0,10.149,Fast,LiFePO4,438
55,92.969,3.745,70.212,39.371,15.324,86.0,13.77,Slow,Li-ion,667
56,17.964,4.037,51.607,32.073,31.368,64.0,7.816,Slow,LiFePO4,458
57,27.638,3.781,47.059,21.54,15.803,48.0,6.432,Normal,LiFePO4,749
58,14.07,3.836,68.588,21.512,32.798,76.0,8.097,Normal,LiFePO4,713
59,39.28,3.939,59.089,39.028,34.839,55.0,8.474,Fast,Li-ion,433
60,44.981,4.112,15.605,25.946,20.881,113.0,12.987,Slow,LiFePO4,788
61,34.421,4.189,56.125,21.841,19.206,112.0,12.169,Fast,LiFePO4,268
62,84.586,4.038,82.576,31.981,30.307,70.0,11.681,Normal,Li-ion,438
63,42.108,3.792,51.332,32.473,20.061,53.0,8.128,Slow,Li-ion,897
64,35.284,3.795,14.676,32.97,32.311,94.0,11.222,Fast,LiFePO4,360
65,58.843,4.016,80.765,25.348,17.057,24.0,6.182,Fast,Li-ion,986
66,22.683,3.667,28.123,20.302,17.519,67.0,7.772,Fast,Li-ion,834
67,82.198,3.577,33.276,39.3,34.583,54.0,10.544,Fast,LiFePO4,298
68,16.71,3.748,24.824,25.018,28.477,112.0,11.424,Fast,LiFePO4,310
69,98.82,3.701,39.719,33.521,31.938,21.0,8.384,Slow,LiFePO4,386
70,79.502,3.707,78.108,34.133,21.487,75.0,11.955,Fast,Li-ion,791
71,27.884,3.664,56.745,32.2,28.53,94.0,10.843,Slow,Li-ion,861
72,10.497,3.529,28.439,26.258,26.885,69.0,7.546,Fast,Li-ion,842
73,83.392,3.513,89.005,25.422,27.063,29.0,7.819,Normal,LiFePO4,571
74,73.617,4.191,89.162,31.953,28.651,117.0,15.049,Normal,Li-ion,581
75,75.611,3.799,88.352,37.322,26.507,72.0,11.63,Fast,Li-ion,122
76,79.414,3.769,31.492,38.935,23.581,81.0,12.702,Normal,LiFePO4,659
77,16.664,3.976,50.612,22.118,20.518,44.0,5.578,Slow,LiFePO4,208
78,42.262,3.653,98.649,23.097,30.372,68.0,8.964,Fast,LiFePO4,395
79,20.428,4.165,79.481,38.895,19.525,63.0,8.209,Slow,Li-ion,105
80,87.679,4.05,12.445,34.731,28.847,27.0,8.411,Fast,LiFePO4,649
81,66.097,3.563,15.868,37.66,19.667,31.0,7.739,Normal,Li-ion,780
82,39.781,3.792,51.754,24.053,27.507,104.0,11.837,Slow,Li-ion,967
83,15.72,4.115,91.83,31.752,29.942,44.0,6.039,Normal,LiFePO4,894
84,37.988,4.161,58.483,34.023,19.374,39.0,6.892,Normal,LiFePO4,302
85,39.266,3.827,54.803,33.602,16.199,70.0,9.518,Fast,LiFePO4,424
86,75.665,3.929,19.493,28.163,17.619,97.0,13.264,Slow,LiFePO4,924
87,67.38,3.617,69.11,20.308,27.12,26.0,6.567,Normal,LiFePO4,884
88,89.849,4.194,83.989,31.659,31.989,78.0,12.549,Fast,Li-ion,343
89,52.499,3.662,44.238,25.062,15.9,32.0,6.538,Fast,Li-ion,426
90,20.763,4.16,79.805,29.005,29.683,24.0,4.459,Fast,Li-ion,146
91,74.192,3.955,96.803,39.152,21.826,25.0,7.773,Normal,LiFePO4,860
92,78.471,3.925,28.339,27.981,24.571,103.0,13.941,Fast,Li-ion,690
93,60.515,3.859,57.1,36.796,33.577,32.0,7.515,Slow,LiFePO4,721
94,79.387,3.661,35.842,23.771,21.639,25.0,7.201,Slow,LiFePO4,112
95,54.442,3.624,81.357,33.449,24.307,64.0,9.71,Normal,Li-ion,479
96,57.046,3.654,61.983,39.54,15.274,104.0,13.529,Slow,Li-ion,464
97,48.479,3.631,67.112,22.038,16.632,46.0,7.379,Fast,LiFePO4,701
98,12.288,4.046,81.812,20.166,20.172,62.0,6.804,Normal,Li-ion,441
99,19.71,3.745,45.637,28.672,15.557,24.0,4.418,Fast,LiFePO4,959
100,12.829,3.54,92.358,21.853,27.628,65.0,7.143,Normal,Li-ion,891
101,67.277,4.178,57.973,34.968,23.528,78.0,11.592,Normal,Li-ion,320
102,38.292,4.119,24.216,38.291,25.963,77.0,10.253,Fast,Li-ion,172
103,55.771,4.149,72.631,28.68,18.493,53.0,8.659,Slow,Li-ion,845
104,91.681,4.196,81.394,25.174,20.919,52.0,10.139,Slow,Li-ion,871
105,32.436,3.622,38.509,28.688,28.276,31.0,5.611,Normal,LiFePO4,724
106,46.934,3.777,87.146,34.469,34.306,57.0,8.793,Fast,Li-ion,145
107,78.0,4.031,91.553,20.181,16.008,30.0,7.405,Fast,Li-ion,603
108,30.592,3.987,34.921,31.789,32.808,97.0,11.174,Normal,Li-ion,373
109,16.928,3.608,98.517,32.266,26.538,117.0,12.179,Slow,LiFePO4,654
110,36.078,4.071,22.664,32.754,26.278,117.0,13.192,Fast,LiFePO4,307
111,24.51,3.657,28.181,24.84,25.006,107.0,11.343,Slow,LiFePO4,960
112,93.673,3.657,26.58,34.281,16.388,80.0,13.071,Slow,LiFePO4,714
113,82.731,3.876,90.459,21.828,16.798,90.0,12.735,Normal,LiFePO4,223
114,67.006,3.915,68.886,23.985,27.018,49.0,8.593,Normal,Li-ion,109
115,88.431,3.906,23.689,37.549,21.819,83.0,13.222,Slow,Li-ion,428
116,82.33,3.564,49.629,34.774,33.345,66.0,11.319,Fast,Li-ion,286
117,26.791,4.114,65.377,20.275,23.132,68.0,8.037,Fast,LiFePO4,642
118,90.33,3.686,17.512,24.968,17.866,96.0,13.746,Normal,LiFePO4,767
119,58.541,3.591,89.417,24.288,29.294,48.0,8.157,Slow,Li-ion,159
120,82.67,4.122,82.324,25.416,20.867,52.0,9.721,Fast,LiFePO4,860
121,90.648,4.169,55.469,24.951,25.509,112.0,15.152,Fast,LiFePO4,998
122,38.62,4.103,97.041,21.251,28.957,26.0,5.129,Normal,LiFePO4,985
123,19.905,4.067,47.598,29.179,33.005,69.0,8.168,Slow,Li-ion,881
124,30.514,3.959,98.57,34.655,30.844,111.0,12.532,Fast,Li-ion,541
125,48.44,3.886,70.113,32.135,28.527,81.0,10.782,Normal,LiFePO4,316
126,83.621,3.561,67.12,33.457,28.593,75.0,12.074,Fast,LiFePO4,101
127,87.466,3.786,24.936,21.623,33.918,45.0,9.202,Fast,LiFePO4,635
128,10.626,3.761,89.373,39.03,20.916,54.0,7.01,Fast,LiFePO4,817
129,55.967,3.682,48.474,36.77,15.022,105.0,13.404,Normal,Li-ion,931
130,47.567,4.006,24.601,36.102,20.439,76.0,10.51,Slow,LiFePO4,810
131,29.99,3.847,11.135,36.46,19.358,71.0,9.279,Normal,Li-ion,455
132,20.788,3.557,60.378,38.654,28.237,30.0,5.469,Slow,Li-ion,725
133,40.385,3.654,57.466,30.885,27.674,22.0,5.364,Fast,Li-ion,891
134,94.862,3.978,74.742,24.006,26.869,116.0,15.641,Slow,LiFePO4,766
135,39.088,3.553,90.123,32.336,15.325,58.0,8.379,Fast,Li-ion,264
136,56.691,4.096,17.147,34.858,29.576,80.0,11.271,Fast,Li-ion,833
137,73.272,3.847,75.835,34.758,21.471,28.0,7.732,Normal,LiFePO4,190
138,42.727,3.836,26.867,30.429,28.301,88.0,11.017,Fast,LiFePO4,266
139,97.46,3.915,87.236,21.369,26.132,113.0,15.38,Normal,LiFePO4,306
140,96.62,4.077,83.716,27.422,21.855,78.0,12.666,Slow,Li-ion,381
141,32.66,3.743,58.671,38.415,17.692,33.0,6.271,Slow,LiFePO4,164
142,54.752,3.975,73.922,31.689,16.888,78.0,10.836,Fast,Li-ion,987
143,37.079,3.896,38.292,30.767,31.63,97.0,11.445,Normal,Li-ion,615
144,35.636,3.687,52.405,25.377,33.368,61.0,8.104,Fast,LiFePO4,256
145,13.32,4.115,83.947,27.369,27.996,108.0,11.033,Normal,Li-ion,860
146,64.861,4.058,51.334,37.907,17.069,85.0,12.211,Normal,Li-ion,868
147,55.241,3.961,42.202,33.329,23.041,110.0,13.589,Normal,Li-ion,846
148,14.633,4.095,54.479,35.748,29.579,82.0,9.382,Slow,Li-ion,405
149,35.078,4.107,84.542,29.087,30.596,33.0,5.969,Normal,LiFePO4,977
150,91.744,3.996,40.169,32.605,17.364,51.0,10.465,Slow,Li-ion,494
151,31.561,4.086,25.639,24.968,15.001,40.0,6.175,Normal,LiFePO4,173
152,23.041,3.988,74.081,34.109,29.243,111.0,12.098,Slow,Li-ion,286
153,54.051,3.976,84.338,28.552,22.132,96.0,12.133,Slow,Li-ion,673
154,98.709,3.933,19.057,28.851,20.09,88.0,13.681,Slow,LiFePO4,436
155,31.785,4.027,31.589,32.986,15.258,50.0,7.413,Fast,Li-ion,775
156,70.492,3.611,22.777,38.726,25.806,38.0,8.661,Normal,Li-ion,667
157,78.546,4.117,41.315,21.28,32.023,96.0,12.962,Fast,Li-ion,722
158,31.387,4.11,50.532,36.495,34.153,67.0,9.012,Normal,Li-ion,829
159,75.539,3.52,77.394,25.848,26.315,43.0,8.618,Normal,Li-ion,339
160,43.1,4.078,68.603,28.878,25.289,82.0,10.404,Fast,Li-ion,632
161,66.908,3.59,65.884,20.438,16.701,24.0,6.37,Slow,LiFePO4,240
162,67.018,3.735,41.714,26.021,25.977,53.0,9.037,Normal,LiFePO4,364
163,58.22,4.02,85.73,30.053,22.6,67.0,9.985,Slow,LiFePO4,238
164,18.126,3.613,52.416,21.124,27.143,35.0,4.862,Fast,Li-ion,558
165,85.177,4.073,98.119,29.822,22.775,118.0,15.622,Slow,Li-ion,169
166,38.87,4.082,67.073,38.542,19.806,41.0,7.28,Normal,Li-ion,484
167,26.787,3.855,21.364,22.108,16.899,33.0,5.198,Normal,LiFePO4,729
168,13.67,3.504,70.856,35.289,21.298,40.0,5.811,Normal,Li-ion,297
169,63.18,3.701,39.259,28.193,16.933,97.0,12.644,Fast,LiFePO4,304
170,70.981,3.932,71.769,33.103,18.538,63.0,10.417,Normal,Li-ion,825
171,11.493,4.187,16.268,25.205,34.747,77.0,8.213,Fast,Li-ion,667
172,56.088,3.942,25.739,23.19,23.882,22.0,5.806,Slow,Li-ion,898
173,30.385,3.682,87.016,23.209,25.637,23.0,4.633,Normal,LiFePO4,904
174,68.066,3.944,30.446,21.41,32.472,65.0,9.856,Normal,Li-ion,786
175,25.693,3.878,85.334,23.713,34.911,102.0,10.942,Normal,LiFePO4,958
176,72.184,4.046,35.135,33.284,26.654,109.0,14.317,Slow,Li-ion,981
177,44.806,3.575,67.859,37.634,31.249,29.0,6.511,Normal,Li-ion,739
178,94.306,4.033,72.474,36.283,21.539,74.0,12.682,Fast,LiFePO4,530
179,22.377,3.879,56.139,33.703,21.115,111.0,12.081,Slow,Li-ion,989
180,40.696,4.174,37.478,22.209,23.054,59.0,8.045,Slow,Li-ion,424
181,20.213,3.739,29.138,25.784,28.45,103.0,10.88,Slow,Li-ion,541
182,93.222,3.943,12.987,26.196,28.644,33.0,8.752,Slow,Li-ion,903
183,88.961,4.152,37.355,24.999,21.305,114.0,15.16,Slow,LiFePO4,387
184,33.215,3.572,68.785,30.3,17.664,95.0,11.104,Fast,LiFePO4,325
185,69.399,4.156,94.447,30.711,27.648,114.0,14.517,Slow,Li-ion,163
186,83.55,3.982,88.408,27.138,17.567,88.0,12.84,Normal,Li-ion,659
187,59.968,3.547,78.946,27.076,26.57,56.0,9.047,Slow,LiFePO4,813
188,57.669,3.711,80.96,36.571,28.868,114.0,14.197,Slow,Li-ion,597
189,31.767,3.996,69.849,35.786,29.012,48.0,7.341,Slow,LiFePO4,948
190,18.379,3.547,33.426,26.156,30.069,53.0,6.662,Slow,Li-ion,159
191,90.749,3.908,91.648,38.276,32.457,90.0,13.958,Slow,LiFePO4,496
192,91.038,3.742,70.366,39.056,24.999,97.0,14.549,Fast,LiFePO4,356
193,66.979,3.935,60.44,26.535,29.605,113.0,14.087,Fast,LiFePO4,676
194,40.513,3.532,19.989,27.088,27.383,40.0,6.753,Slow,LiFePO4,338
195,41.429,4.11,50.235,30.113,18.733,100.0,11.894,Fast,Li-ion,900
196,75.336,4.181,51.432,38.822,15.514,94.0,13.529,Normal,Li-ion,137
197,90.74,4.178,87.811,37.526,20.691,26.0,8.612,Slow,LiFePO4,124
198,89.838,4.025,59.198,22.051,23.861,59.0,10.488,Normal,LiFePO4,509
199,80.189,3.591,44.236,27.855,27.342,48.0,9.425,Normal,LiFePO4,560
200,67.783,4.031,97.912,31.067,31.999,50.0,9.147,Slow,LiFePO4,670
201,17.573,3.517,19.965,30.063,18.925,118.0,12.24,Normal,Li-ion,516
202,24.547,3.515,48.029,23.877,17.511,84.0,9.444,Normal,LiFePO4,456
203,90.87,3.727,13.782,37.176,34.27,92.0,14.05,Normal,LiFePO4,482
204,64.579,3.842,76.591,33.539,17.161,118.0,14.711,Slow,LiFePO4,908
205,10.828,4.039,92.627,36.758,24.57,58.0,7.189,Slow,LiFePO4,257
206,19.132,3.978,35.203,37.175,26.711,100.0,11.164,Normal,LiFePO4,668
207,69.715,3.812,87.251,34.967,25.827,63.0,10.522,Slow,LiFePO4,532
208,10.456,3.692,36.3,28.784,16.721,107.0,10.875,Slow,LiFePO4,147
209,24.473,4.198,91.969,32.211,16.141,38.0,6.006,Normal,Li-ion,427
210,59.386,3.798,77.857,23.207,17.11,115.0,13.694,Slow,LiFePO4,532
211,72.271,3.816,82.442,33.473,26.712,42.0,8.777,Fast,LiFePO4,530
212,68.677,3.615,11.621,23.585,25.887,53.0,8.998,Slow,LiFePO4,155
213,30.184,4.056,96.653,33.879,19.675,96.0,11.171,Fast,Li-ion,676
214,74.096,3.986,75.4,24.592,27.755,59.0,9.882,Normal,Li-ion,367
215,31.352,3.655,37.428,22.351,31.401,81.0,9.42,Slow,Li-ion,168
216,39.286,3.558,84.646,23.306,15.832,64.0,8.501,Normal,LiFePO4,827
217,77.184,3.976,35.337,20.04,24.963,94.0,12.714,Normal,LiFePO4,700
218,68.467,3.958,88.548,34.375,28.786,43.0,8.712,Normal,LiFePO4,548
219,86.43,3.691,20.132,34.648,20.046,26.0,8.208,Normal,Li-ion,892
220,69.185,4.166,73.332,30.299,21.155,50.0,9.14,Normal,LiFePO4,356
221,61.148,3.606,58.663,23.227,27.273,67.0,9.838,Slow,Li-ion,771
222,18.431,3.803,18.688,21.671,32.959,37.0,5.072,Fast,Li-ion,589
223,43.094,4.161,31.77,20.383,31.198,55.0,7.797,Slow,Li-ion,845
224,33.868,3.794,11.116,23.315,26.663,60.0,7.859,Slow,Li-ion,742
225,31.959,3.947,52.189,37.817,29.604,26.0,5.634,Slow,Li-ion,148
226,97.571,3.778,37.114,24.831,22.296,78.0,12.648,Slow,LiFePO4,758
227,45.379,3.692,63.852,27.085,27.819,108.0,12.659,Fast,LiFePO4,415
228,90.284,4.189,36.751,22.107,24.324,35.0,8.551,Slow,Li-ion,512
229,66.802,3.787,36.993,24.447,18.799,80.0,11.211,Normal,LiFePO4,533
230,81.533,4.126,76.887,30.384,29.035,86.0,12.802,Slow,LiFePO4,101
231,55.237,3.661,14.333,32.155,26.129,62.0,9.531,Slow,Li-ion,940
232,61.921,3.649,91.261,24.907,22.172,90.0,11.851,Fast,Li-ion,244
233,54.327,3.522,86.704,21.155,33.227,61.0,8.863,Fast,LiFePO4,465
234,27.572,3.956,70.102,27.821,15.419,70.0,8.642,Normal,LiFePO4,519
235,75.021,3.758,63.39,24.684,21.315,21.0,6.713,Slow,LiFePO4,672
236,35.27,4.105,90.307,24.391,16.138,89.0,10.414,Slow,LiFePO4,884
237,12.188,3.831,26.68,39.197,30.331,86.0,9.747,Slow,Li-ion,660
238,68.093,4.178,17.107,32.326,29.042,24.0,7.008,Normal,LiFePO4,943
239,25.94,3.63,31.556,31.138,21.627,57.0,7.589,Fast,Li-ion,543
240,94.641,4.108,81.512,28.316,28.513,118.0,15.973,Normal,Li-ion,533
241,95.854,4.044,13.12,28.579,22.919,62.0,11.394,Slow,LiFePO4,742
242,92.338,4.04,62.453,30.818,30.125,70.0,12.007,Fast,LiFePO4,654
243,43.314,4.091,99.589,33.929,24.084,111.0,13.112,Fast,LiFePO4,156
244,11.391,4.033,87.013,34.043,23.246,92.0,9.916,Normal,Li-ion,661
245,93.549,3.938,56.93,23.434,33.695,78.0,12.366,Fast,Li-ion,277
246,48.537,3.592,15.728,30.002,20.018,100.0,12.242,Fast,Li-ion,392
247,96.999,3.523,84.824,28.239,17.409,106.0,15.132,Slow,Li-ion,145
248,96.726,4.145,63.908,37.411,26.691,66.0,12.181,Slow,LiFePO4,269
249,86.771,3.932,20.344,32.628,34.386,68.0,11.596,Fast,Li-ion,370
250,36.5,4.058,18.447,30.65,22.557,59.0,8.241,Fast,Li-ion,516
251,44.659,3.837,91.866,22.308,16.241,117.0,13.071,Normal,LiFePO4,947
252,86.602,3.582,70.228,32.113,21.786,90.0,13.412,Normal,Li-ion,238
253,38.523,3.588,84.636,22.344,25.119,28.0,5.404,Fast,Li-ion,346
254,25.254,3.98,89.108,26.744,18.238,106.0,11.458,Slow,LiFePO4,247
255,60.112,3.801,61.46,22.857,28.162,68.0,9.82,Fast,Li-ion,329
256,94.254,3.64,56.57,33.841,34.955,27.0,8.644,Fast,Li-ion,891
257,72.643,3.844,48.738,24.125,24.035,75.0,11.086,Slow,Li-ion,736
258,61.306,3.545,38.525,27.837,22.095,62.0,9.6,Slow,Li-ion,803
259,18.746,3.907,49.114,37.913,23.014,108.0,11.814,Normal,LiFePO4,473
260,65.351,3.688,79.649,24.086,17.303,40.0,7.838,Normal,Li-ion,179
261,99.105,4.058,64.173,30.156,32.665,103.0,15.017,Normal,LiFePO4,705
262,22.608,3.717,90.327,28.385,23.297,76.0,8.864,Normal,Li-ion,837
263,56.65,3.819,49.904,20.362,22.745,25.0,5.972,Slow,LiFePO4,164
264,88.964,3.508,64.638,35.855,28.194,117.0,16.006,Fast,LiFePO4,187
265,76.669,3.551,66.818,21.381,23.841,71.0,10.841,Normal,LiFePO4,187
266,72.731,3.775,63.253,29.485,27.965,49.0,9.201,Normal,Li-ion,812
267,73.224,3.836,73.237,31.214,16.229,67.0,10.8,Slow,Li-ion,825
268,42.354,3.92,31.369,32.569,31.274,106.0,12.562,Slow,Li-ion,303
269,36.423,3.704,56.113,33.773,33.81,50.0,7.717,Fast,LiFePO4,481
270,82.843,3.986,19.38,25.065,27.975,39.0,8.668,Fast,Li-ion,700
271,82.91,4.102,44.606,20.2,34.091,33.0,7.898,Slow,Li-ion,575
272,88.037,4.046,53.89,34.469,18.029,50.0,10.274,Normal,Li-ion,672
273,92.192,3.528,68.7,30.713,24.548,98.0,14.312,Normal,Li-ion,882
274,56.021,3.836,95.548,36.722,27.036,67.0,10.234,Normal,LiFePO4,705
275,55.136,3.573,64.059,36.428,26.635,43.0,8.141,Fast,LiFePO4,918
276,81.847,3.669,76.923,36.867,23.029,37.0,8.987,Normal,Li-ion,638
277,68.497,4.191,55.564,29.702,21.762,53.0,9.349,Normal,Li-ion,313
278,73.177,3.6,67.069,26.673,17.536,114.0,14.492,Slow,Li-ion,173
279,81.621,3.849,16.384,35.831,22.835,54.0,10.398,Normal,LiFePO4,160
280,90.1,3.933,32.895,29.026,18.253,119.0,15.857,Slow,Li-ion,797
281,40.42,3.992,42.567,23.669,29.687,69.0,8.915,Normal,LiFePO4,642
282,43.802,3.892,52.524,37.099,19.177,38.0,7.205,Fast,LiFePO4,318
283,18.458,3.507,14.108,37.651,16.171,109.0,11.898,Normal,Li-ion,111
284,62.045,3.729,22.602,29.326,26.047,66.0,10.072,Normal,Li-ion,913
285,13.235,3.862,34.913,21.514,26.905,91.0,9.318,Slow,Li-ion,514
286,51.904,3.562,97.438,27.757,32.438,118.0,13.847,Slow,LiFePO4,131
287,58.838,3.745,39.821,36.071,26.54,25.0,6.83,Slow,LiFePO4,259
288,35.789,3.523,53.384,38.035,21.91,30.0,6.164,Normal,Li-ion,336
289,63.175,3.555,27.649,24.069,31.06,92.0,12.033,Normal,LiFePO4,838
290,12.745,3.778,64.97,21.339,25.806,48.0,5.719,Fast,Li-ion,280
291,13.361,3.593,35.261,37.547,16.586,38.0,5.748,Normal,Li-ion,928
292,84.034,3.897,28.629,27.788,26.317,24.0,7.586,Fast,LiFePO4,657
293,42.417,3.983,56.492,30.835,33.16,22.0,5.511,Slow,LiFePO4,440
294,21.435,4.06,10.496,39.361,22.926,97.0,11.161,Slow,LiFePO4,557
295,57.002,3.64,10.69,21.331,20.927,33.0,6.704,Slow,LiFePO4,179
296,79.299,3.617,29.716,32.966,17.869,67.0,11.178,Fast,Li-ion,746
297,29.424,3.573,13.305,21.482,18.029,81.0,9.261,Normal,Li-ion,871
298,66.06,3.946,19.722,27.509,23.655,63.0,9.915,Slow,Li-ion,919
299,17.681,3.995,40.497,36.076,26.914,23.0,4.58,Normal,LiFePO4,858
300,14.651,3.522,82.233,28.669,16.612,98.0,10.362,Normal,Li-ion,572
301,57.822,4.155,61.484,39.944,33.791,21.0,6.643,Slow,LiFePO4,770
302,58.657,3.536,56.14,31.181,30.103,96.0,12.508,Fast,LiFePO4,814
303,67.369,3.879,36.414,26.423,26.732,109.0,13.8,Normal,LiFePO4,211
304,75.348,3.996,93.858,24.402,31.569,63.0,10.261,Slow,Li-ion,391
305,97.827,4.11,45.731,27.01,16.604,74.0,12.371,Normal,LiFePO4,921
306,56.467,4.0,17.838,27.451,24.537,68.0,9.837,Normal,LiFePO4,730
307,39.066,4.061,65.536,21.374,27.602,59.0,7.932,Normal,LiFePO4,482
308,81.567,3.738,20.245,27.391,31.573,109.0,14.51,Normal,LiFePO4,116
309,34.375,4.07,41.07,29.285,30.669,109.0,12.299,Normal,LiFePO4,592
310,49.507,3.556,55.667,34.455,20.541,54.0,8.663,Fast,LiFePO4,430
311,17.061,4.126,88.68,33.135,33.818,82.0,9.302,Fast,LiFePO4,838
312,12.282,3.883,54.419,34.175,17.487,113.0,11.714,Slow,LiFePO4,972
313,96.638,4.072,73.203,20.167,32.503,116.0,15.524,Fast,LiFePO4,585
314,85.238,3.817,99.354,24.353,34.419,71.0,11.388,Fast,LiFePO4,505
315,72.638,3.951,21.834,33.234,18.543,65.0,10.734,Fast,LiFePO4,216
316,46.806,3.868,34.726,29.68,29.441,48.0,7.813,Normal,LiFePO4,654
317,25.596,4.012,45.512,20.106,15.806,116.0,11.942,Normal,Li-ion,979
318,24.079,3.557,47.965,36.09,23.108,34.0,5.865,Slow,Li-ion,214
319,32.522,3.542,46.992,35.456,25.326,78.0,9.897,Slow,LiFePO4,894
320,59.43,3.673,91.685,30.968,26.613,48.0,8.541,Slow,LiFePO4,648
321,74.314,3.612,74.263,21.329,33.719,48.0,8.774,Normal,LiFePO4,913
322,69.418,4.11,64.711,35.33,28.445,60.0,10.279,Fast,Li-ion,724
323,35.194,3.653,37.844,31.674,24.626,120.0,13.333,Fast,Li-ion,646
324,95.938,4.183,84.141,35.639,31.194,25.0,8.704,Normal,Li-ion,743
325,76.411,3.736,95.955,35.035,34.011,78.0,12.06,Slow,LiFePO4,435
326,59.892,3.627,83.908,36.06,15.441,28.0,7.152,Slow,LiFePO4,435
327,65.055,4.053,10.141,30.36,34.65,35.0,7.725,Slow,LiFePO4,988
328,47.764,3.961,67.276,22.806,16.723,64.0,8.858,Normal,LiFePO4,839
329,32.296,3.849,14.602,33.423,31.288,71.0,9.206,Slow,Li-ion,246
330,42.038,3.889,33.185,32.409,20.607,46.0,7.546,Slow,LiFePO4,221
331,78.206,4.003,15.357,34.845,17.644,52.0,9.956,Normal,Li-ion,180
332,11.295,3.66,64.342,23.398,23.797,29.0,4.126,Fast,Li-ion,784
333,20.447,4.197,71.793,23.9,27.879,50.0,6.411,Normal,LiFePO4,765
334,14.14,4.182,20.304,37.808,22.619,117.0,12.319,Normal,Li-ion,761
335,13.666,3.955,44.545,35.0,16.091,114.0,11.972,Normal,Li-ion,474
336,86.991,3.64,51.061,38.165,26.989,53.0,10.715,Normal,Li-ion,669
337,73.329,3.976,43.215,35.174,33.048,77.0,11.849,Fast,Li-ion,162
338,52.676,3.551,20.892,31.943,22.664,111.0,13.478,Slow,LiFePO4,603
339,18.805,3.521,47.705,33.083,19.327,21.0,4.313,Normal,LiFePO4,767
340,54.245,3.68,77.606,37.783,23.852,101.0,13.024,Fast,Li-ion,548
341,52.612,3.824,16.391,31.576,15.967,115.0,13.779,Slow,LiFePO4,527
342,25.588,4.108,17.216,32.648,31.41,29.0,5.34,Slow,Li-ion,967
343,49.047,4.009,41.929,23.13,31.527,36.0,6.621,Slow,LiFePO4,526
344,45.865,4.02,94.755,29.478,26.76,116.0,13.44,Normal,LiFePO4,520
345,65.427,3.798,70.172,34.328,22.062,74.0,11.134,Normal,LiFePO4,421
346,67.158,3.742,71.08,25.419,30.996,21.0,6.414,Slow,LiFePO4,779
347,14.077,3.76,42.573,24.045,26.094,46.0,5.72,Slow,LiFePO4,265
348,43.715,4.191,63.429,26.277,31.519,65.0,8.916,Slow,Li-ion,696
349,66.327,3.528,10.912,24.83,27.629,89.0,11.999,Slow,LiFePO4,748
350,55.282,4.107,67.249,24.298,30.688,93.0,11.755,Slow,Li-ion,560
351,87.084,3.905,92.196,28.497,26.971,120.0,15.741,Slow,Li-ion,558
352,69.282,3.807,65.132,38.157,23.283,49.0,9.435,Fast,LiFePO4,288
353,24.664,4.008,88.633,30.141,34.159,74.0,8.892,Slow,Li-ion,563
354,16.351,3.841,75.158,23.758,25.822,73.0,8.117,Normal,LiFePO4,478
355,67.818,4.111,20.85,21.539,27.102,61.0,9.515,Normal,Li-ion,101
356,12.386,4.13,91.221,33.923,19.41,37.0,5.392,Normal,Li-ion,717
357,62.72,3.795,15.98,27.656,27.513,118.0,14.331,Slow,LiFePO4,463
358,94.621,3.694,58.057,36.437,26.432,105.0,15.331,Normal,LiFePO4,171
359,61.793,3.915,22.792,33.19,18.697,70.0,10.569,Fast,LiFePO4,526
360,44.935,4.139,11.054,35.925,16.192,80.0,10.737,Slow,LiFePO4,737
361,67.896,3.647,47.983,25.439,27.087,43.0,8.227,Normal,Li-ion,269
362,51.243,3.936,36.554,33.847,30.274,74.0,10.453,Fast,LiFePO4,304
363,59.106,3.942,53.74,25.281,25.468,89.0,11.677,Fast,Li-ion,924
364,94.732,4.013,61.948,38.781,19.535,72.0,12.635,Normal,Li-ion,436
365,44.749,3.592,13.937,32.727,28.33,119.0,13.793,Fast,Li-ion,571
366,96.507,4.001,21.07,26.49,16.602,81.0,12.911,Normal,Li-ion,294
367,91.482,4.136,60.278,25.39,23.837,57.0,10.602,Fast,Li-ion,769
368,27.621,3.626,40.885,23.819,18.267,97.0,10.673,Slow,Li-ion,752
369,16.243,3.666,75.626,33.893,18.689,37.0,5.594,Slow,LiFePO4,374
370,19.07,4.18,68.706,24.374,19.046,58.0,7.043,Slow,Li-ion,106
371,11.64,3.627,86.104,31.906,22.734,55.0,6.735,Slow,Li-ion,665
372,18.5,4.098,72.324,25.293,16.023,63.0,7.455,Slow,Li-ion,715
373,71.471,3.845,48.694,33.239,22.956,98.0,13.417,Normal,LiFePO4,953
374,16.407,3.673,70.567,36.299,25.234,68.0,8.337,Slow,LiFePO4,949
375,38.708,4.11,34.784,35.561,24.666,99.0,11.997,Slow,Li-ion,672
376,86.039,3.812,37.568,35.217,22.656,78.0,12.534,Slow,LiFePO4,698
377,12.094,3.86,81.009,23.754,31.783,54.0,6.31,Slow,Li-ion,869
378,83.302,3.751,50.178,21.768,17.907,101.0,13.67,Fast,LiFePO4,277
379,35.367,3.915,81.854,33.979,25.114,44.0,7.12,Slow,Li-ion,341
380,20.635,3.614,84.018,27.367,16.241,42.0,5.937,Slow,LiFePO4,302
381,72.706,3.774,87.181,28.647,16.423,70.0,10.939,Normal,LiFePO4,642
382,66.605,4.179,92.497,20.623,26.477,46.0,8.202,Fast,LiFePO4,900
383,88.972,3.681,48.789,25.192,26.32,21.0,7.451,Normal,Li-ion,561
384,76.156,3.96,38.698,20.674,32.561,85.0,11.911,Slow,Li-ion,179
385,82.313,3.728,62.398,37.584,26.157,71.0,11.921,Normal,Li-ion,622
386,35.383,4.041,43.406,24.868,34.196,65.0,8.392,Normal,LiFePO4,516
387,25.97,3.592,64.097,31.147,15.974,117.0,12.581,Slow,LiFePO4,865
388,77.555,4.179,73.503,20.78,16.96,77.0,11.343,Fast,Li-ion,483
389,82.615,3.818,71.956,33.337,15.881,106.0,14.66,Fast,LiFePO4,490
390,99.145,3.665,43.71,26.461,18.706,34.0,9.109,Normal,Li-ion,995
391,47.136,3.551,25.017,37.958,25.825,77.0,10.665,Slow,Li-ion,898
392,43.482,3.619,48.748,37.762,27.911,107.0,12.962,Normal,Li-ion,787
393,79.877,3.864,22.833,26.506,15.912,78.0,11.845,Normal,Li-ion,225
394,40.672,3.736,90.109,38.019,33.919,92.0,11.585,Normal,LiFePO4,593
395,93.768,4.08,41.129,39.923,31.843,57.0,11.452,Slow,LiFePO4,146
396,87.257,3.802,23.901,36.508,20.932,29.0,8.625,Slow,LiFePO4,817
397,48.609,3.674,12.29,36.897,16.544,66.0,9.758,Fast,Li-ion,575
398,77.578,3.932,68.124,24.98,18.398,59.0,10.082,Slow,LiFePO4,718
399,77.909,3.995,67.321,31.534,17.539,107.0,14.364,Normal,Li-ion,563
400,19.281,3.617,40.654,21.345,17.466,44.0,5.731,Normal,Li-ion,886
401,91.23,3.617,16.454,21.898,25.371,117.0,15.379,Fast,Li-ion,948
402,55.473,3.526,46.867,39.978,19.917,116.0,14.424,Slow,Li-ion,222
403,84.381,4.015,38.01,26.533,22.163,45.0,9.276,Normal,Li-ion,573
404,38.804,3.965,70.941,34.964,34.79,55.0,8.256,Fast,Li-ion,233
405,90.597,3.832,64.52,36.133,28.686,110.0,15.466,Fast,LiFePO4,718
406,45.028,4.091,42.813,37.16,33.98,117.0,13.831,Normal,LiFePO4,916
407,10.975,4.064,29.61,39.953,17.851,64.0,7.908,Normal,LiFePO4,940
408,91.484,3.91,98.923,24.83,22.643,52.0,10.157,Slow,LiFePO4,661
409,18.216,4.108,50.86,20.807,26.095,73.0,8.002,Fast,Li-ion,948
410,38.738,3.644,71.945,28.224,16.535,89.0,10.746,Normal,Li-ion,706
411,95.506,3.578,22.65,22.602,15.084,47.0,9.851,Fast,LiFePO4,879
412,95.555,3.689,53.703,20.449,28.409,94.0,13.604,Slow,LiFePO4,122
413,61.609,3.54,12.478,27.209,27.836,25.0,6.538,Normal,LiFePO4,665
414,66.865,3.872,55.491,35.675,23.216,25.0,7.204,Slow,LiFePO4,985
415,50.36,4.156,96.762,31.324,24.793,59.0,8.97,Fast,LiFePO4,865
416,36.389,3.528,44.579,26.256,23.309,55.0,7.745,Slow,LiFePO4,334
417,39.58,3.585,13.51,33.087,15.48,52.0,7.93,Slow,LiFePO4,158
418,70.527,3.817,12.786,24.64,21.707,69.0,10.517,Fast,LiFePO4,263
419,77.714,4.154,44.919,20.288,18.542,52.0,9.24,Slow,Li-ion,870
420,81.242,3.721,24.402,35.287,16.968,39.0,9.095,Fast,Li-ion,925
421,81.066,3.855,12.102,32.475,34.134,51.0,9.923,Normal,Li-ion,315
422,18.209,3.529,78.059,35.246,26.987,117.0,12.464,Fast,Li-ion,282
423,54.498,3.604,51.267,20.779,29.573,61.0,8.856,Fast,LiFePO4,668
424,15.18,4.191,36.032,36.742,21.307,64.0,7.969,Normal,Li-ion,756
425,59.458,4.176,91.007,32.391,22.863,78.0,11.064,Fast,LiFePO4,189
426,49.738,3.503,20.453,31.268,19.738,118.0,13.911,Normal,Li-ion,410
427,89.893,4.166,96.033,32.492,16.939,44.0,9.799,Normal,LiFePO4,656
428,41.582,3.947,38.257,37.289,18.581,88.0,11.288,Fast,LiFePO4,356
429,20.536,4.108,89.956,31.739,30.95,92.0,10.247,Slow,Li-ion,632
430,22.869,3.818,64.265,31.619,28.551,81.0,9.452,Slow,Li-ion,632
431,78.536,3.861,84.404,39.814,25.939,29.0,8.322,Normal,LiFePO4,151
432,65.64,3.842,98.561,35.135,24.502,88.0,12.346,Slow,LiFePO4,437
433,19.101,3.967,35.956,28.846,33.449,26.0,4.598,Slow,LiFePO4,270
434,17.57,3.598,96.502,34.148,16.455,80.0,9.22,Fast,Li-ion,166
435,73.087,3.521,45.053,27.785,20.612,94.0,12.873,Normal,Li-ion,724
436,16.549,3.716,44.696,24.578,21.999,41.0,5.481,Normal,LiFePO4,399
437,83.967,3.993,40.635,31.937,30.649,104.0,14.475,Fast,Li-ion,771
438,73.562,3.641,58.727,38.564,34.85,23.0,7.526,Slow,LiFePO4,877
439,17.321,3.971,23.873,38.583,19.813,104.0,11.494,Normal,Li-ion,931
440,17.635,4.179,59.834,26.838,32.486,66.0,7.726,Slow,Li-ion,331
441,98.798,3.566,58.753,30.554,31.612,42.0,9.947,Normal,Li-ion,936
442,43.684,3.971,78.571,24.233,19.493,33.0,6.177,Normal,Li-ion,167
443,43.358,3.811,85.028,39.913,22.987,115.0,13.774,Normal,Li-ion,605
444,83.152,4.108,49.64,39.622,23.193,27.0,8.411,Normal,LiFePO4,127
445,95.252,3.624,37.21,32.99,34.564,40.0,9.738,Slow,LiFePO4,727
446,98.74,3.985,33.34,36.088,18.618,55.0,11.307,Slow,Li-ion,150
447,77.804,4.087,27.516,34.302,30.983,82.0,12.441,Slow,LiFePO4,792
448,43.863,4.161,15.188,31.863,21.684,74.0,9.993,Slow,LiFePO4,359
449,17.515,3.978,40.82,21.067,29.617,33.0,4.643,Fast,Li-ion,690
450,79.943,3.848,34.322,29.095,23.4,49.0,9.533,Normal,LiFePO4,884
451,60.256,3.932,96.978,33.496,26.567,44.0,8.344,Normal,Li-ion,719
452,48.18,4.108,60.194,33.551,31.652,41.0,7.533,Normal,LiFePO4,685
453,91.572,3.899,41.255,27.462,31.083,61.0,11.045,Fast,LiFePO4,786
454,20.008,3.521,62.242,38.834,32.328,90.0,10.476,Slow,LiFePO4,283
455,54.336,4.152,22.528,23.347,16.192,42.0,7.363,Normal,LiFePO4,122
456,11.022,3.983,49.964,30.007,28.841,57.0,6.774,Slow,LiFePO4,885
457,52.179,3.974,66.361,33.818,17.8,59.0,9.224,Slow,LiFePO4,228
458,15.067,3.651,54.001,33.943,23.316,118.0,12.254,Fast,LiFePO4,390
459,20.694,3.961,46.16,32.973,25.972,115.0,12.306,Fast,Li-ion,931
460,20.577,3.776,99.446,25.506,23.055,100.0,10.639,Slow,Li-ion,600
461,68.429,3.956,89.228,23.124,25.392,44.0,8.258,Normal,Li-ion,285
462,77.144,3.575,66.107,32.719,34.931,27.0,7.727,Normal,Li-ion,578
463,62.503,3.96,61.244,31.986,17.704,52.0,9.032,Fast,LiFePO4,670
464,96.596,4.2,65.859,23.587,28.509,47.0,9.899,Fast,LiFePO4,591
465,43.738,3.534,28.118,34.103,22.92,71.0,9.775,Fast,LiFePO4,612
466,35.714,4.184,45.562,29.103,17.66,98.0,11.389,Fast,Li-ion,742
467,88.174,3.785,13.551,33.355,18.175,106.0,14.896,Fast,Li-ion,166
468,30.124,4.11,52.799,36.747,33.985,104.0,12.051,Fast,Li-ion,904
469,96.69,4.048,58.872,23.395,32.592,56.0,10.668,Fast,LiFePO4,566
470,11.094,3.897,30.497,20.383,33.141,89.0,8.967,Normal,Li-ion,384
471,97.289,4.017,96.763,35.582,34.831,51.0,10.917,Fast,LiFePO4,700
472,13.884,4.115,91.851,32.194,19.166,26.0,4.478,Fast,Li-ion,516
473,90.203,3.783,74.993,33.993,22.109,90.0,13.723,Normal,LiFePO4,199
474,57.493,3.729,58.005,36.763,28.384,21.0,6.461,Normal,Li-ion,288
475,99.367,3.967,88.297,36.056,24.676,61.0,11.848,Slow,LiFePO4,989
476,16.642,4.065,21.759,39.218,23.368,53.0,7.204,Fast,Li-ion,957
477,59.847,4.034,81.146,30.719,22.156,89.0,11.973,Fast,Li-ion,487
478,97.237,4.058,21.234,29.77,26.876,97.0,14.402,Fast,LiFePO4,340
479,57.079,3.805,81.479,28.038,26.512,50.0,8.457,Fast,LiFePO4,881
480,66.646,4.072,34.819,23.074,18.229,101.0,12.916,Slow,Li-ion,830
481,72.617,3.584,88.938,31.452,24.435,49.0,9.319,Normal,LiFePO4,516
482,50.909,3.881,94.964,25.54,26.069,65.0,9.209,Normal,Li-ion,275
483,66.48,3.504,23.392,38.426,26.406,93.0,12.97,Fast,LiFePO4,486
484,62.588,3.727,51.641,31.664,19.202,89.0,12.154,Fast,Li-ion,570
485,91.104,3.757,98.289,31.857,29.845,119.0,16.043,Fast,LiFePO4,952
486,14.09,3.777,53.507,27.098,15.504,43.0,5.602,Slow,Li-ion,332
487,35.287,3.987,87.719,21.04,22.097,86.0,10.002,Slow,Li-ion,762
488,95.537,3.772,62.986,20.635,30.604,81.0,12.556,Normal,Li-ion,551
489,90.124,3.814,43.78,28.467,26.278,112.0,15.222,Fast,LiFePO4,376
490,51.009,3.666,35.721,21.691,20.223,36.0,6.605,Fast,Li-ion,328
491,65.812,3.761,28.29,32.137,28.899,95.0,12.829,Fast,LiFePO4,270
492,34.964,3.659,78.562,37.619,26.348,77.0,10.031,Fast,LiFePO4,834
493,26.931,3.551,44.789,37.658,30.925,47.0,7.185,Slow,LiFePO4,312
494,51.733,3.922,56.015,33.181,29.701,67.0,9.866,Normal,Li-ion,381
495,41.802,3.968,54.309,24.225,27.202,53.0,7.749,Normal,LiFePO4,140
496,62.529,3.934,61.955,37.26,24.764,78.0,11.484,Slow,LiFePO4,221
497,16.996,3.824,87.902,37.722,17.664,109.0,11.811,Fast,LiFePO4,326
498,97.696,3.766,98.267,23.933,20.227,77.0,12.492,Normal,Li-ion,393
499,98.759,4.104,46.683,34.749,23.382,83.0,13.606,Normal,LiFePO4,699
500,72.835,3.863,84.477,25.73,26.986,72.0,10.918,Slow,LiFePO4,366
501,58.249,3.835,78.808,36.053,25.274,25.0,6.808,Fast,LiFePO4,640
502,37.857,3.518,61.618,39.945,20.764,43.0,7.497,Normal,LiFePO4,858
503,83.242,3.739,96.044,20.601,15.129,69.0,10.959,Fast,Li-ion,927
504,71.626,3.766,28.043,37.947,24.925,51.0,9.731,Normal,Li-ion,550
505,24.636,3.779,19.834,32.453,20.713,38.0,6.036,Slow,LiFePO4,548
506,91.983,3.906,86.857,39.468,29.692,70.0,12.44,Fast,LiFePO4,855
507,84.028,3.874,49.523,29.3,15.479,52.0,10.023,Slow,LiFePO4,160
508,95.482,3.926,86.227,36.948,26.697,46.0,10.439,Normal,LiFePO4,601
509,75.315,4.035,90.378,21.248,33.829,66.0,10.361,Slow,Li-ion,246
510,65.207,4.069,15.621,26.706,18.488,33.0,7.373,Slow,Li-ion,785
511,47.642,4.003,89.512,21.34,24.433,113.0,12.847,Slow,Li-ion,889
512,93.946,4.169,50.349,39.507,16.828,107.0,15.57,Normal,Li-ion,433
513,87.946,3.513,55.939,36.339,27.514,91.0,13.778,Fast,LiFePO4,980
514,14.07,3.637,66.393,37.051,26.011,31.0,5.108,Slow,LiFePO4,990
515,12.373,3.505,93.374,38.759,23.147,98.0,10.689,Fast,Li-ion,241
516,43.882,3.953,11.72,21.702,25.428,101.0,11.679,Normal,Li-ion,143
517,82.95,4.129,52.916,27.712,32.931,97.0,13.598,Fast,LiFePO4,243
518,98.855,3.67,71.895,21.421,18.926,31.0,8.63,Slow,LiFePO4,964
519,23.538,4.149,75.044,24.216,15.451,84.0,9.42,Slow,LiFePO4,432
520,63.472,3.542,72.328,24.587,32.233,103.0,13.022,Slow,LiFePO4,596
521,44.28,4.154,22.099,29.382,26.542,78.0,10.161,Slow,LiFePO4,495
522,97.292,3.746,36.946,25.371,32.813,85.0,13.187,Slow,Li-ion,154
523,85.791,3.571,42.284,22.02,26.939,66.0,10.877,Slow,Li-ion,406
524,85.45,3.84,82.399,23.35,31.203,73.0,11.513,Normal,LiFePO4,969
525,52.182,3.68,35.088,22.946,23.593,23.0,5.71,Normal,LiFePO4,522
526,47.334,3.699,28.963,39.462,29.997,84.0,11.331,Normal,Li-ion,516
527,34.607,3.715,96.17,35.186,33.261,28.0,5.835,Fast,LiFePO4,772
528,15.074,4.062,10.798,39.355,26.442,64.0,8.013,Fast,Li-ion,896
529,87.825,3.877,99.804,28.795,18.616,49.0,9.936,Normal,Li-ion,424
530,83.161,3.718,70.914,25.567,20.376,75.0,11.648,Fast,Li-ion,809
531,99.975,3.927,84.562,35.966,18.973,33.0,9.575,Fast,Li-ion,770
532,99.697,4.001,36.516,26.525,19.937,89.0,13.741,Slow,LiFePO4,179
533,59.989,3.691,11.288,25.988,21.128,100.0,12.591,Slow,LiFePO4,130
534,79.209,3.789,76.408,24.65,26.103,36.0,8.221,Fast,Li-ion,211
535,95.029,3.585,85.073,22.594,26.76,30.0,8.417,Fast,LiFePO4,657
536,86.468,3.627,76.643,25.129,23.53,35.0,8.459,Normal,LiFePO4,964
537,32.261,3.977,22.857,27.106,27.308,108.0,11.944,Fast,LiFePO4,816
538,50.549,3.627,77.809,33.48,16.631,73.0,10.27,Slow,LiFePO4,663
539,21.624,3.868,79.203,21.251,16.756,67.0,7.704,Fast,Li-ion,749
540,95.865,3.996,69.269,24.21,18.437,31.0,8.56,Normal,LiFePO4,571
541,64.556,3.575,78.95,36.18,25.362,85.0,12.116,Slow,Li-ion,173
542,30.578,3.897,86.133,22.938,19.28,107.0,11.576,Slow,Li-ion,652
543,70.453,3.68,65.224,26.853,20.666,103.0,13.434,Slow,LiFePO4,578
544,65.632,4.174,17.974,37.293,23.006,83.0,12.03,Slow,Li-ion,688
545,42.235,3.838,53.887,23.099,31.237,28.0,5.561,Fast,LiFePO4,486
546,20.22,4.064,16.988,21.655,15.277,31.0,4.697,Normal,LiFePO4,798
547,70.442,3.885,46.679,29.691,27.988,25.0,7.084,Fast,Li-ion,981
548,56.828,3.53,46.64,26.048,28.378,46.0,7.956,Fast,LiFePO4,663
549,79.509,3.943,15.941,31.268,30.973,34.0,8.336,Slow,Li-ion,532
550,56.815,4.166,41.394,36.076,33.655,46.0,8.478,Normal,Li-ion,511
551,86.696,3.921,19.99,22.743,15.403,59.0,10.347,Slow,LiFePO4,566
552,59.672,4.073,82.741,31.614,18.076,114.0,14.089,Fast,LiFePO4,698
553,60.484,4.119,95.292,30.11,32.723,81.0,11.283,Fast,LiFePO4,720
554,88.899,3.66,16.508,22.882,24.17,103.0,14.214,Slow,Li-ion,836
555,46.313,3.648,95.96,32.48,26.292,91.0,11.526,Fast,LiFePO4,347
556,22.061,3.928,57.032,25.473,28.261,31.0,4.981,Fast,Li-ion,680
557,12.59,3.788,36.961,29.757,28.581,94.0,9.917,Slow,Li-ion,219
558,77.962,4.088,16.918,21.645,33.635,48.0,8.94,Fast,LiFePO4,166
559,65.828,4.13,55.056,29.192,34.939,84.0,11.744,Normal,LiFePO4,672
560,73.367,3.747,81.506,26.129,29.403,54.0,9.483,Slow,LiFePO4,426
561,29.167,3.666,73.638,36.448,20.744,120.0,13.261,Normal,Li-ion,802
562,22.273,4.046,14.52,21.14,32.595,46.0,6.034,Fast,LiFePO4,569
563,11.309,3.692,16.561,28.372,15.984,48.0,5.977,Fast,Li-ion,592
564,41.553,4.076,46.259,29.169,19.622,113.0,12.958,Slow,LiFePO4,800
565,63.093,3.797,36.576,34.5,32.948,22.0,6.752,Fast,LiFePO4,762
566,45.302,3.967,30.915,31.486,20.124,90.0,11.312,Slow,Li-ion,385
567,49.373,3.567,35.29,33.344,19.413,93.0,11.847,Slow,Li-ion,707
568,91.374,3.937,82.313,35.541,17.763,104.0,14.982,Slow,LiFePO4,411
569,41.343,3.816,93.631,37.244,32.182,117.0,13.716,Slow,LiFePO4,408
570,56.259,3.911,46.459,26.278,25.001,118.0,13.924,Slow,LiFePO4,874
571,80.529,3.618,91.55,30.76,28.498,27.0,7.775,Normal,LiFePO4,196
572,45.689,4.016,38.935,36.802,19.781,102.0,12.64,Slow,LiFePO4,212
573,65.988,4.104,52.879,39.789,30.161,85.0,12.341,Normal,Li-ion,736
574,87.613,3.652,30.343,37.79,30.2,85.0,13.331,Fast,Li-ion,555
575,95.457,3.567,67.643,27.429,21.252,33.0,8.881,Slow,Li-ion,562
576,23.237,3.517,98.108,23.903,23.214,85.0,9.442,Fast,Li-ion,231
577,93.393,3.949,64.314,29.788,19.194,118.0,16.013,Slow,LiFePO4,220
578,54.29,3.925,42.203,34.833,34.531,111.0,13.721,Normal,Li-ion,296
579,33.242,3.883,68.304,29.851,27.912,64.0,8.481,Normal,Li-ion,905
580,51.322,3.662,21.063,29.664,33.691,24.0,6.049,Normal,Li-ion,581
581,98.203,3.774,89.979,36.765,21.068,56.0,11.434,Fast,LiFePO4,733
582,54.336,3.916,55.278,27.228,30.638,103.0,12.631,Slow,Li-ion,893
583,39.588,3.848,50.441,37.196,30.317,90.0,11.352,Fast,LiFePO4,996
584,67.006,4.191,62.728,28.136,28.833,66.0,10.252,Normal,Li-ion,871
585,31.613,3.596,66.231,26.565,34.313,26.0,5.035,Fast,LiFePO4,138
586,16.828,3.987,16.46,29.08,22.871,63.0,7.519,Normal,Li-ion,665
587,21.599,3.783,71.436,35.249,17.614,67.0,8.418,Normal,LiFePO4,611
588,21.524,3.8,31.774,22.52,28.434,113.0,11.607,Normal,Li-ion,573
589,23.671,4.002,74.256,23.928,29.586,84.0,9.389,Slow,LiFePO4,260
590,22.494,3.985,84.028,39.029,26.501,51.0,7.34,Slow,LiFePO4,388
591,67.679,4.194,82.356,23.51,19.136,73.0,10.604,Normal,Li-ion,299
592,26.369,3.59,59.725,31.355,25.089,27.0,5.103,Fast,LiFePO4,887
593,41.11,3.573,56.815,31.586,21.244,117.0,13.406,Fast,LiFePO4,627
594,90.711,4.007,22.859,29.792,23.549,56.0,10.692,Slow,Li-ion,784
595,52.657,3.905,79.781,32.895,27.904,68.0,9.926,Normal,Li-ion,602
596,70.08,3.692,34.427,24.597,29.904,56.0,9.361,Fast,LiFePO4,347
597,25.509,3.556,54.703,31.053,19.644,88.0,10.182,Normal,Li-ion,482
598,27.306,3.56,35.585,27.443,23.107,86.0,9.923,Fast,Li-ion,317
599,13.678,4.126,22.045,33.233,20.383,92.0,9.973,Slow,Li-ion,186
600,25.204,3.634,66.66,22.824,18.973,47.0,6.303,Normal,LiFePO4,181
601,35.073,3.726,14.89,31.418,30.668,52.0,7.622,Normal,LiFePO4,161
602,25.931,3.659,77.378,23.705,33.185,33.0,5.192,Fast,LiFePO4,898
603,17.983,3.748,38.583,25.573,22.405,86.0,9.307,Fast,LiFePO4,599
604,20.857,3.549,10.012,24.374,30.026,24.0,4.26,Fast,LiFePO4,141
605,51.47,3.863,56.002,23.657,32.94,80.0,10.404,Normal,LiFePO4,111
606,28.57,3.547,14.217,36.514,31.922,107.0,12.168,Slow,LiFePO4,932
607,42.784,4.06,34.855,25.714,18.656,109.0,12.515,Slow,Li-ion,845
608,55.308,3.664,73.628,38.542,34.126,65.0,10.101,Fast,LiFePO4,940
609,72.136,3.878,15.642,39.399,22.534,66.0,11.071,Slow,LiFePO4,742
610,13.538,4.116,85.54,31.425,21.785,28.0,4.556,Fast,Li-ion,214
611,81.947,3.956,10.344,22.86,16.249,87.0,12.497,Slow,Li-ion,317
612,66.511,3.873,32.214,27.491,24.723,102.0,13.211,Normal,Li-ion,748
613,17.358,3.727,76.681,35.955,17.18,44.0,6.371,Fast,LiFePO4,205
614,88.622,3.733,38.464,27.348,19.971,62.0,10.976,Slow,Li-ion,790
615,92.879,3.969,19.17,21.74,21.339,104.0,14.388,Normal,LiFePO4,627
616,15.497,4.196,42.421,31.136,31.177,108.0,11.308,Slow,LiFePO4,571
617,34.919,3.963,34.335,36.902,32.51,44.0,7.284,Normal,LiFePO4,853
618,82.558,3.89,85.844,35.919,21.049,75.0,12.179,Normal,Li-ion,945
619,77.343,4.011,38.201,23.502,32.174,39.0,8.313,Slow,Li-ion,992
620,26.607,3.826,81.004,33.455,32.145,30.0,5.519,Slow,LiFePO4,486
621,28.841,3.542,90.268,24.41,30.293,111.0,11.922,Normal,LiFePO4,325
622,43.342,3.894,49.044,24.364,17.934,102.0,11.89,Normal,LiFePO4,580
623,53.607,4.17,91.895,37.481,28.806,96.0,12.555,Normal,Li-ion,853
624,65.643,3.623,43.959,24.993,33.9,25.0,6.605,Fast,LiFePO4,507
625,43.202,3.983,96.767,25.265,28.651,104.0,12.121,Normal,Li-ion,556
626,51.628,3.641,18.036,20.013,21.632,64.0,8.899,Fast,LiFePO4,752
627,77.272,3.875,71.832,37.413,25.012,54.0,10.254,Normal,Li-ion,997
628,13.301,3.568,54.443,35.852,27.915,75.0,8.678,Fast,LiFePO4,810
629,32.719,3.815,44.888,32.547,25.211,29.0,5.691,Normal,Li-ion,723
630,74.201,4.029,66.944,35.005,17.399,96.0,13.432,Normal,Li-ion,738
631,90.569,3.743,73.347,23.041,21.241,78.0,12.201,Normal,Li-ion,120
632,56.051,3.965,10.393,29.166,31.048,39.0,7.482,Slow,Li-ion,758
633,57.89,4.057,25.026,27.024,32.228,39.0,7.481,Slow,Li-ion,700
634,19.645,4.149,74.174,21.876,17.746,38.0,5.278,Normal,Li-ion,914
635,50.267,3.664,69.975,29.723,34.048,26.0,6.141,Fast,LiFePO4,302
636,57.936,3.78,96.944,38.415,21.576,79.0,11.383,Fast,LiFePO4,516
637,31.822,3.607,78.493,20.801,28.246,104.0,11.301,Normal,LiFePO4,515
638,34.232,4.195,95.57,25.829,30.037,22.0,4.816,Slow,LiFePO4,547
639,43.956,4.149,73.229,24.151,31.239,25.0,5.48,Fast,Li-ion,611
640,11.806,3.878,36.825,24.763,33.915,77.0,8.268,Slow,LiFePO4,184
641,38.987,4.089,19.483,38.169,21.258,102.0,12.354,Fast,Li-ion,266
642,29.03,3.865,80.364,29.361,32.17,53.0,7.309,Normal,Li-ion,483
643,39.475,3.937,67.973,29.326,17.634,55.0,8.02,Slow,Li-ion,567
644,20.779,3.562,14.337,35.212,29.101,80.0,9.436,Fast,LiFePO4,171
645,90.147,4.029,42.405,23.09,29.84,47.0,9.614,Normal,Li-ion,909
646,63.423,3.589,96.112,29.745,28.554,23.0,6.547,Normal,LiFePO4,620
647,71.119,4.078,55.036,28.6,20.046,94.0,12.78,Normal,LiFePO4,892
648,81.025,4.047,48.946,31.938,32.461,83.0,12.529,Slow,LiFePO4,572
649,54.86,3.996,51.193,39.991,18.377,78.0,11.249,Slow,LiFePO4,357
650,17.823,3.525,28.799,35.389,16.073,94.0,10.508,Normal,LiFePO4,374
651,58.34,3.712,43.184,27.957,29.349,88.0,11.608,Slow,Li-ion,849
652,62.816,3.684,43.283,36.551,24.51,41.0,8.351,Fast,Li-ion,119
653,77.09,3.752,14.712,23.414,31.982,55.0,9.629,Normal,LiFePO4,589
654,48.849,3.561,79.081,20.609,22.668,33.0,6.191,Normal,Li-ion,844
655,21.482,4.156,47.485,24.089,18.366,33.0,5.027,Slow,LiFePO4,589
656,35.54,3.888,83.996,26.808,31.729,88.0,10.419,Normal,Li-ion,832
657,42.677,3.714,86.531,30.212,25.978,106.0,12.466,Fast,Li-ion,425
658,68.133,3.778,29.079,32.303,18.784,116.0,14.711,Slow,Li-ion,628
659,61.37,3.813,69.162,38.212,29.408,83.0,11.882,Slow,Li-ion,991
660,42.049,3.92,52.505,30.197,25.222,38.0,6.813,Normal,Li-ion,188
661,98.786,3.861,89.214,30.026,27.086,31.0,8.988,Normal,Li-ion,585
662,64.52,4.144,29.417,21.005,24.218,101.0,12.717,Normal,Li-ion,807
663,31.35,3.848,71.003,20.698,31.574,78.0,9.092,Slow,Li-ion,449
664,19.16,4.195,64.698,31.023,31.591,82.0,9.328,Normal,Li-ion,183
665,23.757,4.096,36.577,28.764,29.188,98.0,10.805,Fast,Li-ion,486
666,32.136,3.646,22.294,36.784,17.108,90.0,10.973,Normal,Li-ion,186
667,24.461,4.151,68.648,23.214,31.777,103.0,11.004,Normal,Li-ion,406
668,26.791,3.581,76.474,20.499,28.42,26.0,4.5,Slow,Li-ion,949
669,35.659,4.072,38.406,28.981,28.94,95.0,11.128,Normal,LiFePO4,253
670,25.604,3.766,68.035,24.75,22.26,105.0,11.275,Slow,Li-ion,539
671,90.709,4.115,45.562,20.992,32.586,49.0,9.636,Normal,Li-ion,839
672,17.221,4.108,74.189,34.492,29.507,84.0,9.589,Fast,Li-ion,363
673,57.206,4.064,27.929,22.232,17.252,51.0,8.257,Fast,Li-ion,834
674,46.936,4.053,90.119,32.166,23.156,116.0,13.605,Slow,Li-ion,520
675,98.414,3.713,35.867,25.621,32.728,23.0,8.147,Slow,Li-ion,592
676,20.084,3.557,43.101,23.47,15.944,78.0,8.676,Normal,LiFePO4,732
677,45.807,3.782,15.228,27.595,34.228,37.0,6.724,Normal,LiFePO4,510
678,97.252,3.621,20.036,36.029,28.583,91.0,14.266,Fast,LiFePO4,272
679,87.896,3.986,56.428,27.842,27.628,38.0,8.919,Normal,Li-ion,103
680,83.536,3.742,34.083,35.015,20.411,44.0,9.556,Fast,Li-ion,953
681,33.211,4.183,85.193,22.51,19.976,69.0,8.572,Slow,Li-ion,739
682,25.38,3.949,11.322,35.455,33.841,111.0,12.332,Normal,LiFePO4,571
683,70.178,4.076,44.118,24.739,20.965,41.0,8.177,Slow,Li-ion,209
684,93.644,3.593,40.361,33.548,30.51,34.0,9.228,Normal,Li-ion,966
685,60.109,4.103,11.739,31.316,22.862,96.0,12.563,Fast,LiFePO4,136
686,61.445,4.146,21.193,38.583,17.785,70.0,10.84,Slow,LiFePO4,682
687,35.198,3.841,47.228,27.746,15.214,111.0,12.412,Slow,Li-ion,900
688,79.254,3.924,54.358,21.323,25.885,35.0,7.917,Normal,Li-ion,130
689,26.834,4.035,46.386,20.383,34.516,85.0,9.41,Slow,Li-ion,480
690,39.131,3.622,57.784,36.537,22.383,43.0,7.391,Fast,Li-ion,367
691,48.289,3.852,63.562,30.495,22.144,36.0,6.912,Slow,LiFePO4,110
692,55.685,3.779,10.893,35.505,21.882,88.0,11.921,Slow,Li-ion,443
693,31.817,3.602,51.769,24.689,25.411,79.0,9.439,Normal,Li-ion,939
694,20.335,3.757,96.715,26.902,23.813,95.0,10.319,Slow,LiFePO4,643
695,64.956,3.548,56.713,20.602,32.598,51.0,8.523,Normal,Li-ion,668
696,35.977,3.518,70.979,39.23,25.11,65.0,9.16,Normal,Li-ion,265
697,62.311,3.595,38.068,33.357,25.155,61.0,9.829,Slow,LiFePO4,799
698,23.893,4.174,79.659,38.664,17.767,118.0,12.995,Fast,LiFePO4,441
699,53.303,3.885,79.563,25.31,34.655,49.0,8.033,Normal,Li-ion,581
700,57.933,4.176,56.917,32.229,19.999,49.0,8.632,Slow,LiFePO4,118
701,14.664,3.803,97.841,33.57,16.467,55.0,7.033,Normal,LiFePO4,727
702,40.294,3.718,21.3,26.351,28.263,76.0,9.704,Fast,Li-ion,283
703,22.097,3.854,11.525,36.962,26.907,45.0,6.722,Fast,LiFePO4,881
704,15.704,3.808,79.314,38.943,23.303,112.0,12.026,Normal,Li-ion,644
705,99.096,3.574,82.644,37.697,23.444,47.0,10.72,Fast,Li-ion,109
706,39.012,3.949,20.819,34.781,30.701,110.0,12.821,Slow,Li-ion,691
707,82.889,3.651,33.902,25.549,18.914,30.0,7.951,Slow,Li-ion,291
708,32.918,3.934,11.58,25.632,31.405,86.0,10.066,Normal,LiFePO4,419
709,71.335,3.955,36.398,39.267,27.975,111.0,14.755,Fast,Li-ion,801
710,78.421,3.606,79.583,20.206,23.379,37.0,8.004,Slow,Li-ion,679
711,63.607,3.543,56.616,34.321,24.161,117.0,14.632,Slow,Li-ion,574
712,52.442,4.047,41.329,34.125,20.133,65.0,9.769,Slow,Li-ion,959
713,47.066,3.822,43.457,32.454,30.042,115.0,13.524,Normal,LiFePO4,736
714,41.398,3.541,10.122,39.802,25.257,88.0,11.367,Normal,LiFePO4,526
715,93.658,4.196,36.982,26.238,21.417,50.0,10.175,Slow,LiFePO4,947
716,84.756,3.54,68.181,26.799,26.921,39.0,8.814,Slow,Li-ion,158
717,96.852,3.987,97.677,21.579,34.915,50.0,10.119,Fast,LiFePO4,535
718,21.187,4.189,86.235,28.856,23.705,29.0,4.944,Fast,LiFePO4,196
719,75.778,3.667,12.124,25.221,33.414,34.0,7.916,Fast,Li-ion,595
720,94.451,3.6,90.87,26.868,21.9,30.0,8.605,Normal,LiFePO4,886
721,26.311,3.585,80.488,36.691,16.095,62.0,8.341,Slow,Li-ion,760
722,15.985,3.712,80.234,38.71,19.085,100.0,11.031,Normal,LiFePO4,377
723,76.701,3.571,51.22,23.715,23.374,34.0,7.866,Slow,LiFePO4,364
724,61.703,3.985,45.82,27.45,19.393,33.0,7.21,Fast,LiFePO4,108
725,85.765,3.544,37.262,38.573,15.005,84.0,13.245,Fast,LiFePO4,556
726,22.58,3.857,15.913,21.236,33.3,40.0,5.501,Fast,Li-ion,894
727,81.574,4.198,30.541,21.847,31.878,30.0,7.651,Fast,Li-ion,372
728,28.146,4.07,32.194,23.256,29.846,37.0,5.627,Slow,LiFePO4,912
729,24.729,3.931,53.567,31.904,18.356,112.0,12.196,Fast,Li-ion,107
730,24.784,3.714,77.27,23.009,17.407,102.0,10.902,Slow,LiFePO4,307
731,83.312,3.937,52.643,39.362,16.352,55.0,10.751,Slow,LiFePO4,736
732,69.868,3.869,15.206,28.934,29.481,86.0,12.072,Normal,LiFePO4,222
733,57.076,3.798,96.201,30.03,33.576,74.0,10.499,Fast,LiFePO4,132
734,42.295,3.591,94.845,24.933,23.611,88.0,10.671,Fast,LiFePO4,612
735,88.948,4.121,80.667,29.419,17.383,88.0,13.274,Normal,LiFePO4,303
736,45.32,3.815,99.22,33.238,25.248,83.0,10.834,Slow,Li-ion,617
737,83.494,3.636,59.003,35.024,21.977,47.0,9.81,Fast,Li-ion,908
738,49.522,3.757,96.649,35.077,22.496,24.0,6.222,Slow,LiFePO4,616
739,43.925,3.79,16.804,31.558,27.427,66.0,9.237,Normal,Li-ion,542
740,51.641,4.079,42.911,38.087,29.374,109.0,13.578,Slow,LiFePO4,691
741,37.124,4.014,30.284,36.348,17.212,77.0,10.086,Fast,Li-ion,885
742,77.285,4.039,27.625,35.141,15.712,103.0,14.225,Slow,Li-ion,788
743,55.245,3.508,22.672,21.112,34.887,119.0,13.748,Slow,Li-ion,949
744,30.899,3.791,66.017,20.138,19.655,36.0,5.582,Fast,LiFePO4,932
745,90.962,3.837,80.319,24.249,16.077,89.0,13.192,Fast,Li-ion,438
746,44.55,3.513,62.047,33.27,18.798,87.0,11.177,Slow,LiFePO4,537
747,58.92,3.682,23.227,28.224,15.779,118.0,14.19,Slow,LiFePO4,544
748,91.582,4.032,83.001,28.048,22.836,119.0,15.862,Normal,LiFePO4,235
749,66.181,3.596,67.236,37.692,31.048,89.0,12.583,Fast,Li-ion,486
750,20.521,3.875,44.935,37.911,21.825,44.0,6.618,Slow,Li-ion,124
751,94.585,3.651,70.672,38.184,23.884,100.0,14.96,Fast,Li-ion,605
752,66.494,3.508,33.391,26.278,28.512,31.0,7.197,Normal,LiFePO4,424
753,40.142,3.669,41.067,33.821,25.178,98.0,11.871,Slow,LiFePO4,794
754,22.534,4.183,92.574,25.433,32.229,111.0,11.65,Slow,Li-ion,779
755,81.462,4.061,36.145,23.812,32.321,58.0,10.121,Slow,LiFePO4,437
756,65.807,4.172,52.299,23.693,15.198,83.0,11.397,Fast,Li-ion,789
757,58.011,3.841,90.113,26.842,30.561,63.0,9.494,Normal,Li-ion,984
758,90.45,3.577,73.695,28.599,24.215,64.0,11.267,Fast,Li-ion,194
759,80.974,3.884,15.598,36.619,34.777,51.0,10.133,Slow,Li-ion,644
760,23.651,3.818,23.257,22.398,24.665,96.0,10.32,Normal,LiFePO4,722
761,38.055,4.091,10.706,34.699,34.738,114.0,13.106,Slow,Li-ion,245
762,32.364,3.569,66.783,30.629,30.091,114.0,12.656,Slow,Li-ion,992
763,76.955,3.842,50.291,25.759,19.972,37.0,8.259,Fast,Li-ion,330
764,13.018,3.605,22.085,29.856,25.768,107.0,11.1,Slow,Li-ion,883
765,61.29,3.727,96.214,25.999,34.843,94.0,12.176,Normal,Li-ion,947
766,78.621,4.016,57.669,31.922,32.151,45.0,9.301,Slow,Li-ion,594
767,88.909,3.833,31.77,28.677,16.947,27.0,8.107,Slow,Li-ion,137
768,40.787,3.763,55.054,23.288,29.127,47.0,7.104,Fast,LiFePO4,524
769,83.913,3.776,71.166,22.332,21.912,111.0,14.581,Normal,LiFePO4,746
770,19.957,3.822,16.862,30.934,15.14,83.0,9.488,Fast,LiFePO4,945
771,86.181,4.05,34.723,38.048,23.07,92.0,13.887,Slow,LiFePO4,846
772,21.474,4.124,82.627,26.879,19.695,46.0,6.227,Fast,Li-ion,536
773,45.756,4.169,51.37,34.66,31.377,92.0,11.682,Fast,LiFePO4,930
774,81.757,4.051,59.192,33.173,21.747,23.0,7.648,Fast,LiFePO4,467
775,23.493,3.721,48.953,38.631,31.55,58.0,7.901,Fast,LiFePO4,444
776,30.633,3.982,13.951,36.42,15.012,83.0,10.242,Slow,Li-ion,259
777,75.003,3.806,24.917,31.332,21.156,35.0,8.201,Slow,LiFePO4,649
778,74.803,3.678,50.099,33.141,19.823,102.0,13.922,Normal,LiFePO4,761
779,67.703,4.089,28.827,37.968,19.671,44.0,8.909,Fast,Li-ion,919
780,72.455,3.527,14.498,27.99,16.364,85.0,12.125,Fast,LiFePO4,640
781,58.845,4.131,85.928,26.536,18.742,61.0,9.312,Normal,Li-ion,243
782,32.662,3.823,98.307,20.216,26.111,80.0,9.278,Fast,LiFePO4,687
783,41.113,3.946,81.383,36.531,20.827,31.0,6.444,Normal,Li-ion,756
784,26.344,3.962,86.841,36.02,23.348,22.0,4.926,Slow,LiFePO4,840
785,91.761,4.127,31.778,22.089,22.537,111.0,14.939,Normal,LiFePO4,675
786,62.505,3.946,96.456,31.537,32.518,47.0,8.616,Fast,LiFePO4,958
787,46.077,3.93,27.723,29.28,33.106,102.0,12.265,Normal,Li-ion,444
788,51.581,3.547,95.629,22.374,24.859,120.0,13.692,Slow,LiFePO4,368
789,95.256,3.863,99.534,39.611,21.603,41.0,10.172,Fast,Li-ion,939
790,23.802,3.605,74.055,24.294,17.136,47.0,6.281,Slow,Li-ion,795
791,62.761,4.016,98.303,21.345,34.068,86.0,11.396,Slow,Li-ion,872
792,55.53,3.859,61.259,31.897,16.205,117.0,14.083,Normal,Li-ion,367
793,65.031,3.976,33.359,34.777,20.953,112.0,14.289,Slow,LiFePO4,268
794,11.63,3.529,49.33,20.649,20.961,70.0,7.471,Fast,LiFePO4,870
795,88.491,3.559,63.42,33.174,21.408,100.0,14.376,Slow,LiFePO4,838
796,93.891,4.001,16.577,30.646,18.286,34.0,9.025,Slow,Li-ion,132
797,60.862,3.55,66.011,22.065,30.663,118.0,13.958,Normal,LiFePO4,476
798,72.699,3.55,98.306,23.45,17.45,116.0,14.51,Slow,Li-ion,313
799,93.025,3.508,27.11,31.359,27.698,36.0,9.25,Normal,Li-ion,661
800,73.651,4.17,81.334,25.927,17.477,50.0,9.141,Normal,Li-ion,539
801,23.729,4.016,91.711,38.766,16.411,30.0,5.626,Fast,LiFePO4,591
802,61.866,3.747,94.933,36.375,33.189,47.0,8.843,Fast,LiFePO4,492
803,64.604,3.708,96.412,39.671,18.803,102.0,13.68,Fast,Li-ion,588
804,48.172,3.745,56.931,25.193,31.425,58.0,8.488,Fast,LiFePO4,821
805,76.28,4.042,97.958,39.394,25.893,29.0,8.187,Normal,LiFePO4,128
806,94.093,3.963,78.158,28.625,16.557,54.0,10.654,Slow,Li-ion,138
807,93.301,3.63,24.55,26.95,34.109,118.0,15.857,Fast,Li-ion,958
808,50.576,3.622,52.921,21.007,19.939,83.0,10.493,Fast,LiFePO4,711
809,20.191,3.569,74.65,21.055,32.193,62.0,7.197,Fast,Li-ion,272
810,98.636,3.962,32.261,33.84,18.376,37.0,9.678,Slow,Li-ion,116
811,85.501,4.035,67.655,29.159,32.079,119.0,15.618,Fast,LiFePO4,155
812,21.22,3.686,69.994,24.53,15.265,102.0,10.795,Slow,LiFePO4,325
813,92.876,3.515,24.643,32.279,25.236,48.0,10.27,Normal,Li-ion,657
814,88.291,3.558,60.858,25.057,30.389,27.0,7.918,Normal,LiFePO4,166
815,56.695,4.178,79.446,31.553,33.696,26.0,6.551,Normal,Li-ion,296
816,63.215,3.707,54.901,27.184,33.184,32.0,7.19,Slow,Li-ion,753
817,45.91,4.038,11.089,36.471,31.392,78.0,10.625,Fast,LiFePO4,934
818,14.929,3.937,10.813,36.414,32.764,113.0,11.973,Fast,Li-ion,122
819,40.168,3.767,42.133,29.547,18.984,70.0,9.292,Fast,Li-ion,705
820,82.257,3.644,93.357,27.016,20.684,104.0,14.155,Fast,Li-ion,853
821,10.417,3.585,30.581,27.251,20.779,65.0,7.266,Fast,LiFePO4,336
822,40.015,3.931,67.093,36.114,22.541,91.0,11.378,Slow,LiFePO4,665
823,45.835,4.042,29.987,26.564,22.866,93.0,11.386,Normal,LiFePO4,237
824,58.366,3.951,38.95,24.181,25.891,37.0,7.244,Fast,Li-ion,572
825,92.787,3.871,86.324,21.694,18.198,56.0,10.401,Normal,Li-ion,944
826,41.171,3.529,75.598,29.334,28.825,84.0,10.503,Slow,LiFePO4,883
827,41.226,4.178,18.586,29.643,18.351,27.0,5.799,Slow,LiFePO4,652
828,76.375,4.059,48.583,36.818,21.206,56.0,10.339,Fast,LiFePO4,709
829,50.7,3.705,12.625,24.425,25.067,73.0,9.88,Slow,Li-ion,794
830,30.214,4.186,53.28,27.62,30.929,120.0,12.86,Normal,LiFePO4,739
831,50.72,3.921,69.619,36.168,29.789,67.0,9.965,Fast,Li-ion,328
832,22.677,3.908,20.665,36.472,27.911,102.0,11.425,Fast,LiFePO4,416
833,25.875,4.024,36.0,27.692,18.115,63.0,7.946,Normal,Li-ion,697
834,54.853,4.068,45.805,29.182,25.941,100.0,12.505,Fast,Li-ion,867
835,47.703,3.96,92.758,26.066,16.749,80.0,10.317,Fast,LiFePO4,820
836,92.336,3.59,99.393,38.651,22.547,109.0,15.604,Normal,Li-ion,826
837,42.615,3.737,14.042,22.373,23.27,61.0,8.341,Fast,LiFePO4,985
838,62.253,4.15,78.491,38.675,15.796,80.0,11.749,Fast,Li-ion,711
839,66.904,3.657,43.455,33.677,20.48,83.0,11.946,Normal,Li-ion,660
840,11.179,3.761,45.321,30.631,34.113,62.0,7.235,Slow,LiFePO4,300
841,69.718,3.802,77.884,20.653,34.073,34.0,7.388,Normal,Li-ion,357
842,26.023,3.808,92.658,29.512,22.047,29.0,5.223,Fast,LiFePO4,579
843,96.496,3.929,95.584,28.155,15.862,22.0,8.038,Normal,LiFePO4,987
844,23.38,4.16,61.941,23.224,18.582,107.0,11.276,Fast,LiFePO4,277
845,47.316,3.668,42.141,33.128,22.844,44.0,7.66,Fast,Li-ion,856
846,17.681,3.585,80.879,39.423,33.956,41.0,6.284,Normal,Li-ion,222
847,99.719,3.638,32.59,31.244,17.824,94.0,14.348,Fast,Li-ion,441
848,55.198,4.121,60.767,34.295,30.27,52.0,8.808,Slow,LiFePO4,270
849,63.585,3.952,42.272,21.369,17.174,71.0,10.131,Fast,LiFePO4,944
850,16.037,3.7,69.097,28.353,34.625,36.0,5.24,Normal,Li-ion,747
851,77.496,4.071,31.636,22.327,22.632,116.0,14.656,Slow,Li-ion,158
852,28.892,4.103,27.243,32.256,30.505,105.0,11.821,Slow,LiFePO4,804
853,90.825,4.093,92.642,38.77,21.852,106.0,15.345,Fast,Li-ion,564
854,28.463,4.143,19.162,33.236,27.553,61.0,8.141,Normal,LiFePO4,879
855,27.162,3.677,55.536,21.536,18.84,96.0,10.455,Fast,Li-ion,359
856,13.289,4.029,29.877,27.093,17.92,34.0,4.885,Fast,LiFePO4,472
857,52.486,3.822,13.504,31.013,33.761,21.0,5.913,Normal,Li-ion,194
858,60.836,4.089,13.242,28.064,33.353,22.0,6.278,Normal,Li-ion,224
859,15.914,4.01,25.77,36.673,32.749,79.0,9.184,Fast,LiFePO4,140
860,79.797,4.044,88.009,36.293,27.509,66.0,11.266,Slow,LiFePO4,990
861,50.796,3.959,35.423,32.237,31.165,72.0,10.135,Fast,LiFePO4,353
862,57.195,3.624,95.541,27.469,16.381,21.0,5.962,Slow,Li-ion,106
863,49.669,3.882,62.346,25.107,21.696,62.0,8.928,Fast,LiFePO4,570
864,46.069,4.189,49.295,22.117,21.274,92.0,11.06,Normal,LiFePO4,827
865,60.368,4.156,62.208,27.098,27.713,64.0,9.729,Slow,Li-ion,610
866,23.972,3.53,56.503,28.263,22.119,93.0,10.38,Normal,LiFePO4,680
867,26.374,3.615,78.29,33.516,17.97,43.0,6.603,Normal,LiFePO4,168
868,87.561,3.592,35.425,33.163,26.929,101.0,14.479,Normal,LiFePO4,180
869,95.15,4.008,41.775,21.402,31.288,79.0,12.398,Normal,Li-ion,641
870,43.598,4.072,90.468,27.905,22.642,41.0,6.998,Normal,Li-ion,684
871,34.367,3.649,95.181,23.636,17.645,44.0,6.539,Fast,Li-ion,361
872,67.96,3.854,90.33,23.136,18.934,83.0,11.455,Slow,LiFePO4,188
873,46.786,4.088,47.75,36.546,19.75,103.0,12.749,Fast,Li-ion,307
874,12.285,4.013,80.233,20.838,20.998,62.0,6.786,Fast,LiFePO4,312
875,24.054,3.88,52.87,28.384,27.856,46.0,6.441,Fast,LiFePO4,933
876,74.438,3.913,54.779,23.364,27.019,107.0,13.782,Normal,LiFePO4,365
877,69.303,3.856,28.421,37.587,28.922,87.0,12.588,Fast,Li-ion,392
878,12.439,3.708,63.202,31.141,22.25,65.0,7.58,Slow,Li-ion,306
879,29.977,3.896,26.752,24.628,31.48,69.0,8.463,Fast,LiFePO4,432
880,30.797,3.982,39.841,30.049,19.082,40.0,6.411,Normal,LiFePO4,176
881,70.47,4.111,86.953,34.63,24.381,83.0,12.145,Slow,Li-ion,387
882,11.774,3.945,28.637,39.162,31.019,56.0,7.203,Slow,Li-ion,146
883,19.37,4.033,16.404,24.409,18.603,120.0,12.153,Slow,Li-ion,721
884,81.992,3.612,16.211,37.724,17.197,68.0,11.654,Slow,LiFePO4,299
885,26.069,3.823,94.671,38.686,32.674,69.0,8.953,Fast,Li-ion,526
886,68.747,3.507,55.623,38.328,21.859,77.0,11.736,Normal,Li-ion,309
887,31.436,3.673,46.847,32.708,28.677,112.0,12.514,Slow,Li-ion,987
888,18.95,4.009,82.979,32.596,15.507,100.0,10.917,Slow,LiFePO4,519
889,31.885,4.194,85.224,28.064,28.801,65.0,8.424,Normal,Li-ion,253
890,75.004,3.569,39.897,35.048,21.322,92.0,13.158,Fast,LiFePO4,621
891,87.013,3.781,72.426,30.626,16.115,79.0,12.434,Slow,LiFePO4,514
892,84.72,4.06,79.401,33.549,27.196,69.0,11.683,Fast,LiFePO4,452
893,45.747,3.643,68.919,28.569,19.816,39.0,6.985,Fast,Li-ion,256
894,70.128,3.889,23.644,34.63,22.736,66.0,10.771,Fast,Li-ion,360
895,28.449,4.013,88.829,36.489,16.612,45.0,6.962,Fast,Li-ion,176
896,36.383,3.931,58.519,22.929,17.943,111.0,12.256,Slow,LiFePO4,868
897,90.67,3.632,35.423,36.659,20.96,54.0,10.828,Slow,Li-ion,587
898,11.17,3.749,48.271,30.806,16.795,115.0,11.701,Fast,LiFePO4,230
899,17.696,4.049,13.381,36.893,33.217,73.0,8.838,Fast,Li-ion,678
900,28.71,3.888,21.508,28.626,15.121,83.0,9.796,Normal,Li-ion,554
901,12.388,3.504,78.899,27.581,24.677,74.0,8.19,Normal,Li-ion,839
902,26.329,4.033,10.001,38.301,17.465,33.0,5.976,Normal,Li-ion,262
903,62.474,3.525,47.491,25.023,21.154,58.0,9.173,Slow,LiFePO4,114
904,47.928,4.022,57.026,36.884,33.521,30.0,6.734,Normal,LiFePO4,331
905,90.34,3.642,14.917,29.68,18.234,82.0,12.859,Slow,LiFePO4,294
906,83.57,4.171,97.577,30.282,34.317,65.0,11.083,Slow,LiFePO4,960
907,40.764,3.758,30.351,26.169,19.116,98.0,11.497,Slow,Li-ion,641
908,33.348,3.729,37.378,31.461,29.831,42.0,6.744,Slow,LiFePO4,458
909,44.172,3.604,37.355,26.504,25.934,36.0,6.572,Normal,LiFePO4,949
910,63.127,3.714,30.737,20.785,32.69,61.0,9.248,Fast,LiFePO4,430
911,34.126,4.114,10.133,25.44,26.08,113.0,12.366,Fast,Li-ion,526
912,66.173,4.197,75.641,20.128,25.691,91.0,11.902,Fast,LiFePO4,596
913,46.847,3.758,97.016,39.567,18.909,62.0,9.478,Normal,LiFePO4,927
914,59.684,3.814,30.186,39.315,18.325,72.0,10.927,Fast,Li-ion,585
915,49.251,4.005,69.674,27.903,33.33,28.0,6.226,Normal,Li-ion,907
916,36.502,4.12,76.771,34.567,21.557,118.0,13.425,Normal,LiFePO4,548
917,95.361,3.915,86.358,26.916,22.442,87.0,13.334,Normal,LiFePO4,512
918,78.725,3.774,48.037,33.422,30.196,49.0,9.652,Fast,Li-ion,429
919,22.61,3.789,37.264,36.109,21.776,79.0,9.484,Fast,LiFePO4,831
920,88.162,3.987,39.277,38.935,34.041,31.0,8.934,Fast,Li-ion,988
921,53.869,3.502,74.136,28.004,29.759,117.0,13.809,Slow,LiFePO4,246
922,90.51,3.934,83.51,35.666,26.949,37.0,9.432,Normal,LiFePO4,358
923,81.987,3.749,26.345,25.319,32.618,85.0,12.432,Slow,LiFePO4,391
924,48.269,4.056,43.385,39.807,15.992,45.0,8.116,Normal,LiFePO4,910
925,12.022,3.565,91.175,20.515,20.141,92.0,9.273,Fast,LiFePO4,242
926,34.181,3.912,82.602,32.071,24.301,98.0,11.453,Normal,Li-ion,846
927,58.747,3.837,98.637,33.19,19.54,87.0,11.875,Normal,Li-ion,726
928,67.013,3.95,77.882,33.761,29.878,81.0,11.826,Slow,LiFePO4,464
929,33.21,3.545,45.388,22.408,33.384,109.0,11.885,Normal,LiFePO4,189
930,22.542,3.906,63.157,38.771,23.475,28.0,5.388,Fast,LiFePO4,819
931,85.144,3.893,69.491,23.624,21.843,53.0,9.863,Normal,Li-ion,263
932,98.596,3.892,17.061,32.455,34.231,45.0,10.288,Normal,Li-ion,580
933,57.312,3.922,59.005,24.454,23.897,119.0,13.988,Normal,Li-ion,183
934,25.451,3.974,73.839,26.144,24.781,59.0,7.491,Slow,Li-ion,176
935,34.508,4.063,25.059,30.929,22.033,93.0,11.044,Normal,Li-ion,772
936,11.655,3.689,80.257,28.344,33.191,88.0,9.373,Normal,Li-ion,616
937,92.287,4.078,62.54,23.205,26.379,41.0,9.209,Slow,Li-ion,584
938,20.598,3.849,95.7,23.419,30.243,44.0,5.859,Slow,Li-ion,689
939,61.886,3.554,13.818,28.363,31.236,48.0,8.523,Slow,LiFePO4,702
940,34.665,3.541,33.879,35.146,21.837,61.0,8.583,Slow,Li-ion,698
941,59.876,3.734,64.14,37.959,23.674,43.0,8.511,Fast,Li-ion,881
942,68.628,4.049,36.69,21.683,31.969,22.0,6.346,Fast,Li-ion,203
943,84.677,3.995,74.298,27.862,22.265,108.0,14.622,Normal,Li-ion,551
944,28.578,4.052,78.31,22.005,30.879,117.0,12.243,Fast,LiFePO4,586
945,10.99,3.862,19.226,20.332,33.82,54.0,6.079,Normal,Li-ion,438
946,22.32,3.808,56.247,33.234,27.464,54.0,7.265,Fast,LiFePO4,786
947,91.002,3.603,55.8,32.049,29.833,21.0,7.878,Slow,LiFePO4,665
948,88.65,3.73,43.235,23.26,31.102,88.0,12.931,Slow,LiFePO4,999
949,63.767,3.804,93.963,24.676,31.901,103.0,12.968,Fast,Li-ion,577
950,64.047,3.562,84.476,20.474,22.901,35.0,7.114,Fast,Li-ion,822
951,69.853,3.654,72.749,36.699,16.025,36.0,8.325,Normal,Li-ion,706
952,25.783,3.919,74.289,39.494,23.038,99.0,11.515,Normal,LiFePO4,322
953,92.297,4.015,51.554,22.709,28.475,82.0,12.553,Normal,LiFePO4,108
954,47.689,4.199,92.89,24.63,24.007,24.0,5.656,Slow,LiFePO4,152
955,44.482,4.153,72.514,37.368,29.979,82.0,10.947,Slow,LiFePO4,176
956,56.703,3.95,75.608,38.529,22.14,51.0,9.003,Slow,Li-ion,817
957,14.227,3.795,87.552,28.393,27.695,57.0,6.87,Slow,Li-ion,602
958,24.966,3.945,34.666,21.012,18.728,97.0,10.38,Normal,Li-ion,415
959,76.423,4.05,82.636,20.788,29.987,101.0,13.285,Slow,LiFePO4,913
960,17.452,3.583,27.572,31.479,25.914,60.0,7.45,Slow,LiFePO4,921
961,64.284,3.787,41.081,27.858,19.081,115.0,14.167,Slow,Li-ion,941
962,32.081,4.088,40.205,20.573,20.838,61.0,7.687,Slow,Li-ion,723
963,45.037,3.769,98.067,31.665,29.972,97.0,11.934,Fast,LiFePO4,962
964,35.982,3.9,87.088,20.226,24.652,68.0,8.509,Normal,Li-ion,264
965,42.011,3.911,73.105,35.747,19.321,110.0,13.034,Normal,Li-ion,378
966,74.714,3.629,75.435,26.129,34.345,111.0,14.273,Slow,LiFePO4,126
967,36.741,3.754,60.587,20.805,29.303,29.0,5.272,Fast,LiFePO4,169
968,60.976,3.734,95.238,31.767,34.143,114.0,14.108,Normal,LiFePO4,317
969,52.845,3.518,54.663,27.954,23.542,103.0,12.586,Normal,Li-ion,464
970,69.73,3.517,44.247,39.476,24.502,99.0,13.721,Slow,LiFePO4,800
971,94.315,4.082,24.673,30.884,32.959,40.0,9.601,Slow,Li-ion,944
972,75.931,3.691,80.759,25.505,25.501,101.0,13.448,Normal,Li-ion,405
973,29.345,3.863,76.1,34.189,29.146,105.0,11.928,Normal,LiFePO4,223
974,12.806,3.709,44.592,25.43,20.043,49.0,5.988,Fast,Li-ion,118
975,33.604,4.158,12.267,38.085,23.935,115.0,13.187,Normal,LiFePO4,356
976,63.557,3.682,85.51,27.494,17.469,25.0,6.635,Normal,LiFePO4,395
977,14.628,3.801,11.028,30.997,19.12,35.0,5.197,Slow,Li-ion,121
978,54.673,4.111,73.333,21.011,15.019,74.0,9.931,Normal,Li-ion,979
979,63.716,4.089,97.323,28.522,15.785,78.0,11.077,Slow,LiFePO4,549
980,40.082,3.63,49.39,36.647,34.546,85.0,10.879,Normal,LiFePO4,651
981,79.382,4.062,31.148,36.113,19.847,22.0,7.583,Normal,LiFePO4,649
982,19.594,3.821,73.438,24.486,28.266,116.0,11.874,Normal,LiFePO4,147
983,16.762,3.838,83.542,24.522,31.782,24.0,4.102,Fast,LiFePO4,794
984,75.537,3.593,59.179,36.346,26.013,34.0,8.453,Slow,LiFePO4,686
985,54.594,3.556,97.033,38.608,18.063,21.0,6.444,Fast,Li-ion,820
986,71.956,4.01,14.65,21.907,29.562,77.0,11.084,Normal,Li-ion,282
987,49.134,3.848,55.432,29.001,27.005,113.0,13.342,Fast,Li-ion,534
988,32.176,3.806,74.661,26.749,29.625,87.0,10.162,Slow,Li-ion,206
989,83.719,4.011,87.638,37.414,30.395,102.0,14.579,Normal,LiFePO4,287
990,81.947,4.036,26.133,21.67,34.508,21.0,6.958,Fast,Li-ion,875
991,72.523,3.611,82.0,24.223,26.471,74.0,11.021,Fast,Li-ion,185
992,34.493,3.927,59.744,35.049,21.833,66.0,8.973,Slow,LiFePO4,935
993,63.121,3.595,45.69,21.026,27.969,70.0,10.032,Fast,Li-ion,942
994,42.488,4.026,21.854,29.851,16.369,27.0,5.885,Slow,LiFePO4,555
995,18.242,3.96,87.877,28.842,32.948,88.0,9.725,Normal,LiFePO4,236
996,92.558,4.17,24.155,26.688,17.388,70.0,11.822,Normal,LiFePO4,957
997,22.314,3.548,37.881,27.891,21.557,97.0,10.553,Fast,LiFePO4,997
998,95.521,3.54,36.104,30.599,31.315,69.0,12.017,Normal,LiFePO4,435
999,50.141,3.698,88.427,23.227,26.946,35.0,6.58,Normal,Li-ion,706
